bookID,title,authors,average_rating,language_code,num_pages,ratings_count,text_reviews_count,publication_date,publisher
1,Harry Potter and the Half-Blood Prince (Harry Potter  #6),J.K. Rowling-Mary GrandPré,4.57,eng,652,2095690,27591,16-09-2006,Penguin Books
2,Harry Potter and the Order of the Phoenix (Harry Potter  #5),J.K. Rowling-Mary GrandPré,4.49,eng,870,2153167,29221,09-01-2004,Scholastic Inc.
3,Harry Potter and the Chamber of Secrets (Harry Potter  #2),J.K. Rowling,4.42,eng,352,6333,244,11-01-2003,Ivy Books
4,Harry Potter and the Prisoner of Azkaban (Harry Potter  #3),J.K. Rowling-Mary GrandPré,4.56,eng,435,2339585,36325,05-01-2004,Chosen Books
5,Harry Potter Boxed Set  Books 1-5 (Harry Potter  #1-5),J.K. Rowling-Mary GrandPré,4.78,eng,2690,41428,164,13-09-2004,North light books
6,"Unauthorized Harry Potter Book Seven News: ""Half-Blood Prince"" Analysis and Speculation",W. Frederick Zimmerman,3.74,en-US,152,19,1,26-04-2005,Penguin Books
7,Harry Potter Collection (Harry Potter  #1-6),J.K. Rowling,4.73,eng,3342,28242,808,09-12-2005,Scholastic Inc.
8,The Hitchhiker's Guide to the Galaxy (Hitchhiker's Guide to the Galaxy  #1),Douglas Adams-Stephen Fry,4.22,eng,6,1266,253,23-03-2005,Ivy Books
9,A Short History of Nearly Everything,Bill Bryson,4.21,eng,544,248558,9396,14-09-2004,Chosen Books
10,Bill Bryson's African Diary,Bill Bryson,3.44,eng,55,7270,499,12-03-2002,North light books
11,Bryson's Dictionary of Troublesome Words: A Writer's Guide to Getting It Right,Bill Bryson,3.87,eng,256,2088,131,14-09-2004,Penguin Books
12,In a Sunburned Country,Bill Bryson,4.07,eng,335,72451,4245,15-05-2001,Scholastic Inc.
13,I'm a Stranger Here Myself: Notes on Returning to America After Twenty Years Away,Bill Bryson,3.9,eng,304,49240,2211,28-06-2000,Ivy Books
14,The Lost Continent: Travels in Small Town America,Bill Bryson,3.83,eng,299,45712,2257,28-08-1990,Chosen Books
15,Neither Here nor There: Travels in Europe,Bill Bryson,3.86,eng,254,48701,2238,28-03-1993,North light books
16,Notes from a Small Island,Bill Bryson,3.91,eng,324,80609,3301,28-05-1997,Penguin Books
17,The Mother Tongue: English and How It Got That Way,Bill Bryson,3.93,eng,270,28489,2085,28-09-1991,Scholastic Inc.
18,Agile Web Development with Rails: A Pragmatic Guide,Dave Thomas-David Heinemeier Hansson-Leon Breedt-Mike Clark-Thomas  Fuchs-Andreas  Schwarz,3.84,eng,558,1430,59,28-07-2005,Ivy Books
19,Hatchet (Brian's Saga  #1),Gary Paulsen,3.72,eng,208,270244,12017,04-01-2000,Chosen Books
20,"Hatchet: A Guide for Using ""Hatchet"" in the Classroom",Donna Ickes-Edward Sciranko-Keith Vasconcelles,4,eng,48,36,2,28-08-1994,Scholastic Inc.
21,Guts: The True Stories behind Hatchet and the Brian Books,Gary Paulsen,3.88,eng,144,2067,334,23-01-2001,Ivy Books
22,Molly Hatchet - 5 of the Best,Molly Hatchet,4.33,eng,56,6,0,06-10-2003,Chosen Books
23,Hatchet Jobs: Writings on Contemporary Fiction,Dale Peck,3.45,en-US,228,99,16,11-01-2005,Scholastic Inc.
24,A Changeling for All Seasons (Changeling Seasons #1),Angela Knight-Sahara Kelly-Judy Mays-Marteeka Karland-Kate Douglas-Shelby Morgen-Lacey Savage-Kate Hill-Willa Okati,3.76,eng,304,167,4,11-01-2005,Ivy Books
25,Changeling (Changeling  #1),Delia Sherman,3.6,eng,256,978,111,17-08-2006,Chosen Books
26,The Changeling Sea,Patricia A. McKillip,4.06,eng,137,4454,302,14-04-2003,Scholastic Inc.
27,The Changeling (Daughters of England  #15),Philippa Carr,3.98,eng,369,345,12,28-08-1990,Ivy Books
28,The Known World,Edward P. Jones,3.83,eng,388,29686,2626,29-08-2006,Chosen Books
29,Traders  Guns & Money: Knowns and Unknowns in the Dazzling World of Derivatives,Satyajit Das,3.83,eng,334,1456,82,15-05-2004,Scholastic Inc.
30,Artesia: Adventures in the Known World,Mark Smylie,4.13,eng,352,52,4,14-12-2005,Ivy Books
31,The John McPhee Reader (John McPhee Reader  #1),John McPhee-William Howarth,4.42,eng,416,562,37,06-01-1982,Chosen Books
32,Uncommon Carriers,John McPhee,3.95,en-US,248,1630,203,16-05-2006,Chosen Books
33,Heirs of General Practice,John McPhee,4.17,eng,128,268,22,04-01-1986,North light books
34,The Control of Nature,John McPhee,4.24,en-US,288,3498,305,09-01-1990,Penguin Books
35,Annals of the Former World,John McPhee,4.34,eng,720,3115,228,01-06-1999,Scholastic Inc.
36,Coming Into the Country,John McPhee,4.22,eng,448,5704,261,04-01-1991,Ivy Books
37,La Place de la Concorde Suisse,John McPhee,3.92,fre,160,698,52,04-01-1994,Chosen Books
38,Giving Good Weight,John McPhee,4.23,eng,288,542,36,04-01-1994,North light books
39,Rising from the Plains,John McPhee,4.23,eng,208,1341,98,11-01-1987,Chosen Books
40,The Heidi Chronicles,Wendy Wasserstein,3.75,eng,81,1423,70,03-01-2002,North light books
41,The Heidi Chronicles: Uncommon Women and Others & Isn't It Romantic,Wendy Wasserstein,3.84,eng,249,2766,64,07-02-1991,Penguin Books
42,Active Literacy Across the Curriculum: Strategies for Reading  Writing  Speaking  and Listening,Heidi Hayes Jacobs,3.94,eng,138,31,1,29-03-2006,Scholastic Inc.
43,Simply Beautiful Beaded Jewelry,Heidi Boyd,3.77,en-US,128,62,4,14-03-2006,Ivy Books
44,Always Enough: God's Miraculous Provision Among the Poorest Children on Earth,Heidi Baker-Rolland Baker,4.46,eng,192,860,53,09-01-2003,Chosen Books
45,Mapping the Big Picture: Integrating Curriculum & Assessment K-12,Heidi Hayes Jacobs,3.68,en-US,108,77,2,28-01-1997,North light books
46,Heidi (Heidi  #1-2),Johanna Spyri-Beverly Cleary-Angelo  Rinaldi,3.99,eng,352,153317,2257,15-11-2002,Chosen Books
47,Getting Results with Curriculum Mapping,Heidi Hayes Jacobs,3.25,eng,192,55,5,15-11-2004,North light books
48,There's Always Enough: The Miraculous Move of God in Mozambique,Rolland Baker-Heidi Baker,4.46,eng,192,34,6,28-04-2003,Penguin Books
49,What to Expect the First Year (What to Expect),Heidi Murkoff-Sharon Mazel-Arlene Eisenberg-Sandee Hathaway-Mark D. Widome,3.89,eng,832,11797,659,16-10-2003,Scholastic Inc.
50,The Player's Handbook: The Ultimate Guide on Dating and Relationships,Heidi Fleiss-Libby Keatinge,3.82,eng,123,34,8,05-10-2004,Ivy Books
51,Simply Beautiful Beading: 53 Quick and Easy Projects,Heidi Boyd,3.78,en-US,128,78,4,19-08-2004,Chosen Books
52,God Emperor of Dune (Dune Chronicles  #4),Frank Herbert,3.84,eng,423,2785,166,15-06-1987,North light books
53,Chapterhouse: Dune (Dune Chronicles #6),Frank Herbert,3.91,eng,436,38778,568,07-01-1987,Chosen Books
54,Dune Messiah (Dune Chronicles #2),Frank Herbert,3.88,eng,331,97494,2359,15-07-1987,North light books
55,Dreamer of Dune: The Biography of Frank Herbert,Brian Herbert,4.01,en-US,592,784,21,07-01-2004,Penguin Books
56,Heretics of Dune (Dune Chronicles  #5),Frank Herbert,3.86,eng,480,272,20,16-04-1984,Penguin Books
57,The Road to Dune,Frank Herbert-Brian Herbert-Kevin J. Anderson,3.88,eng,426,4789,83,29-08-2006,Penguin Books
58,Heretics of Dune (Dune Chronicles #5),Frank Herbert,3.86,eng,471,45388,644,15-08-1987,Penguin Books
59,The Lord of the Rings: The Art of the Fellowship of the Ring,Gary Russell,4.59,eng,192,26153,102,06-12-2002,Penguin Books
60,The Power of One (The Power of One  #1),Bryce Courtenay,4.35,eng,544,69167,4551,29-09-1996,Penguin Books
61,The Power of One: One Person  One Rule  One Month,John C. Maxwell-Stephen R. Graves-Thomas G. Addington,4.28,en-US,256,16,1,11-01-2004,Penguin Books
62,Power of an Hour: Business and Life Mastery in One Hour a Week,Dave Lakhani,3.34,eng,205,174,16,19-05-2006,Penguin Books
63,The Power of One: The Solo Play for Playwrights  Actors  and Directors,Louis E. Catron,3.67,eng,240,10,0,02-07-2000,Penguin Books
64,How to Buy  Sell & Profit on eBay: Kick-Start Your Home-Based Business in Just Thirty Days,Adam Ginsberg,3.48,eng,336,76,9,05-03-2005,North light books
65,eBay for Dummies,Marsha Collier,3.5,eng,386,111,9,30-10-2006,North light books
66,What to Sell on ebay and Where to Get It: The Definitive Guide to Product Sourcing for eBay and Beyond,Chris Malta-Lisa Suttora,3.62,eng,260,24,0,24-01-2006,North light books
67,Starting an eBay Business for Dummies,Marsha Collier,3.55,eng,384,55,4,17-09-2004,North light books
68,eBay: Top 100 Simplified Tips & Tricks,Julia Wilkinson,4.27,eng,260,9,0,06-06-2006,North light books
69,ebay Timesaving Techniques for Dummies,Marsha Collier,3.39,en-US,391,22,1,31-05-2004,North light books
70,eBay Business All-in-One Desk Reference for Dummies,Marsha Collier,3.89,en-US,864,17,3,25-04-2005,North light books
71,Ruby Cookbook,Lucas Carlson-Leonard Richardson,3.84,eng,873,166,4,29-07-2006,North light books
72,Ruby Ann's Down Home Trailer Park Cookbook,Ruby Ann Boxcar,4.12,eng,240,50,5,05-03-2005,North light books
73,Ruby Ann's Down Home Trailer Park BBQin' Cookbook,Ruby Ann Boxcar,4.08,eng,206,13,2,05-03-2005,Ivy Books
74,Rails Cookbook: Recipes for Rapid Web Development with Ruby,Rob Orsini,3.48,eng,514,64,1,01-01-2007,Ivy Books
75,Anna Karenina,Leo Tolstoy-Richard Pevear-Larissa Volokhonsky,4.05,eng,838,16643,1851,31-05-2004,Ivy Books
76,Dinner with Anna Karenina,Gloria Goldreich,2.99,eng,360,411,65,28-01-2006,Ivy Books
77,Untouchable,Mulk Raj Anand-E.M. Forster,3.71,eng,160,3429,279,07-03-1990,Ivy Books
78,The Untouchable,John Banville,3.95,eng,367,2163,216,30-06-1998,Ivy Books
79,Untouchables: My Family's Triumphant Journey Out of the Caste System in Modern India,Narendra Jadhav,3.82,en-US,320,308,40,27-09-2005,Ivy Books
80,Dalit: The Black Untaouchables of India,V.T. Rajshekar-Y.N. Kly,4.2,eng,100,10,0,28-01-1995,Ivy Books
81,Growing Up Untouchable in India: A Dalit Autobiography,Vasant Moon-Gail Omvedt-Eleanor Zelliot,3.65,eng,224,16,4,20-12-2000,Ivy Books
82,The Evidence-Based Social Work Skills Book,Barry R. Cournoyer,3.4,eng,216,10,0,22-09-2003,Ivy Books
83,"A Wrinkle in Time: A Guide for Using ""A Wrinkle in Time"" in the Classroom",John Carratello-Patty Carratello-Theresa Wright,4,eng,48,17,0,28-09-1991,Ivy Books
84,Wrinkles in Time,George Smoot-Keay Davidson,4.01,eng,360,1035,23,10-01-1994,Penguin Books
85,A Wrinkle in Time: With Related Readings (A Wrinkle in Time Quintet #1),Madeleine L'Engle,4,eng,250,36,6,05-01-2002,Scholastic Inc.
86,Literature Circle Guide: A Wrinkle in Time,Tara MacCarthy,3.6,eng,32,15,0,01-01-2002,Ivy Books
87,Una arruga en el tiempo – A Wrinkle in Time,Madeleine L'Engle,4,spa,205,6,1,06-01-1984,Chosen Books
88,The Long Shadow (The Morland Dynasty  #6),Cynthia Harrod-Eagles,4.12,eng,367,376,17,06-01-1994,North light books
89,A Long Shadow (Inspector Ian Rutledge  #8),Charles Todd,4.11,eng,352,3086,237,01-03-2006,Penguin Books
90,Long Way Round: Chasing Shadows Across the World,Ewan McGregor-Charley Boorman-Robert Uhlig,3.94,en-US,320,352,44,11-01-2005,Scholastic Inc.
91,A Shadow in Summer (Long Price Quartet  #1),Daniel Abraham,3.6,eng,331,9852,633,03-07-2006,Ivy Books
92,New Hope for the Dead (Hoke Mosely #2),Charles Willeford-James Lee Burke,3.9,eng,244,821,78,08-10-2004,Chosen Books
93,Sideswipe: A Hoke Moseley Novel,Charles Willeford-Lawrence Block,4.05,eng,215,731,72,03-08-2005,North light books
94,Miami Blues (Hoke Moseley #1),Charles Willeford-Elmore Leonard,3.94,eng,191,2897,178,08-10-2004,Penguin Books
95,The Burnt Orange Heresy (Vintage Crime-Black Lizard),Charles Willeford,3.89,eng,144,98,11,10-03-1990,Scholastic Inc.
96,I am Charlotte Simmons,Tom Wolfe,3.42,eng,738,20888,1688,30-08-2005,Ivy Books
97,Poetry for Young People: Edward Lear,Edward Lear-Laura Huliska-Beith-Edward Mendelson,3.91,eng,48,66,19,10-01-2001,Chosen Books
98,The Puffin Book of Nonsense Verse,Quentin Blake,4.02,eng,287,81,6,10-03-1996,North light books
99,Henry Miller on Writing,Henry Miller-Thomas H. Moore,4.22,eng,217,981,52,02-01-1964,Penguin Books
100,Quiet Days in Clichy,Henry Miller,3.69,eng,154,3381,141,13-01-1994,Scholastic Inc.
101,Tropic of Cancer,Henry Miller-Jiří Níl,3.68,eng,318,53206,2376,01-06-1994,Ivy Books
102,Tropic of Capricorn,Henry Miller,3.78,eng,348,14872,459,13-01-1994,Chosen Books
103,Nexus (The Rosy Crucifixion  #3),Henry Miller,4.1,eng,316,3261,58,13-01-1994,Scholastic Inc.
104,Sexus (The Rosy Crucifixion  #1),Henry Miller,3.98,eng,506,7805,251,01-12-1994,Ivy Books
105,The Air-Conditioned Nightmare,Henry Miller,3.83,eng,292,2699,142,17-01-1970,Chosen Books
106,The Portrait of a Lady,Henry James-Patricia Crick,3.78,eng,797,61640,1951,30-09-2003,Scholastic Inc.
107,Writing,Marguerite Duras,3.75,eng,91,778,44,05-06-1999,Ivy Books
108,The War,Marguerite Duras-Barbara Bray,3.85,eng,192,963,65,08-01-1994,Chosen Books
109,The Ravishing of Lol Stein,Marguerite Duras-Richard Seever,3.66,en-US,181,2057,128,03-12-1986,Scholastic Inc.
110,Love Letters,Kahlil Gibran-Suheil Bushrui-Salma H. Al-Kuzbari,3.68,eng,178,203,8,07-01-1999,Ivy Books
111,Kahlil Gibran: His Life and World,Jean Gibran-جبران خليل جبران-Kahlil Gibran,4.21,eng,464,35,2,04-01-1998,Chosen Books
112,The Beloved: Reflections on the Path of the Heart,Kahlil Gibran-John Walbridge-Robin Waterfield,4.19,eng,102,328,16,01-01-1998,Scholastic Inc.
113,On Beyond Zebra!,Dr. Seuss,4.04,eng,64,2815,164,09-12-1955,Ivy Books
114,The Wedding Clause,Debbie Raleigh,3.6,eng,256,95,13,06-07-2005,Chosen Books
115,The Zebra Wall,Kevin Henkes,3.44,eng,147,217,24,15-02-2005,Chosen Books
116,El perfume: Historia de un asesino,Patrick Süskind,4.02,spa,239,4136,255,06-01-2002,North light books
117,The Door Into Summer,Robert A. Heinlein,4.01,eng,304,17232,649,17-06-1997,Penguin Books
118,Stranger in a Strange Land,Robert A. Heinlein,3.92,eng,528,251872,6241,10-01-1991,Scholastic Inc.
119,To Sail Beyond the Sunset,Robert A. Heinlein,3.87,en-US,434,10293,193,06-01-1988,Ivy Books
120,Job: A Comedy of Justice,Robert A. Heinlein,3.78,en-US,439,15970,438,10-12-1985,Chosen Books
121,Time for the Stars (Heinlein's Juveniles  #10),Robert A. Heinlein,3.97,eng,256,6898,200,08-08-2006,North light books
122,Salmon of Doubt: Hitchhiking the Galaxy One Last Time,Douglas Adams-Christopher Cerf,3.93,eng,336,5,0,07-01-2003,Chosen Books
123,The Phantom Tollbooth: A Children's Play in Two Acts,Susan Nanus-Norton Juster,4.13,eng,72,100,13,01-12-2011,North light books
124,On Bullshit,Harry G. Frankfurt,3.57,eng,67,9358,995,30-01-2005,Penguin Books
125,Another Bullshit Night in Suck City,Nick Flynn,3.78,eng,347,9318,907,09-12-2005,Scholastic Inc.
126,Lincoln at Gettysburg: The Words That Remade America,Garry Wills,4.14,en-US,317,120,15,06-12-1993,Ivy Books
127,The Gettysburg Address,Abraham Lincoln-Michael McCurdy,4.53,eng,32,5239,76,02-02-1998,Chosen Books
128,Underworld,Don DeLillo,3.92,eng,827,1505,175,07-09-1998,North light books
129,Libra,Don DeLillo,3.99,eng,480,11857,564,05-01-1991,Chosen Books
130,Americana,Don DeLillo,3.43,eng,377,393,55,07-06-1989,North light books
131,Running Dog,Don DeLillo,3.43,eng,256,1356,72,17-07-1989,Penguin Books
132,Cosmopolis,Don DeLillo,3.22,eng,224,460,41,04-06-2004,Scholastic Inc.
133,Great Jones Street,Don DeLillo,3.48,eng,272,2492,145,01-01-1994,Ivy Books
134,The Names,Don DeLillo,3.64,eng,339,3100,212,17-07-1989,Chosen Books
135,Against the Day,Thomas Pynchon,4.13,eng,1085,5296,587,17-07-1989,North light books
136,V.,Thomas Pynchon,3.96,eng,547,1415,177,07-05-2005,Chosen Books
137,The Crying of Lot 49,Thomas Pynchon,3.69,eng,152,2161,230,04-01-1999,North light books
138,Gravity's Rainbow,Thomas Pynchon,4.01,eng,784,762,213,01-01-2000,Penguin Books
139,Mason & Dixon,Thomas Pynchon-Christophe Claro-Brice Matthieussent,4.07,eng,773,8086,602,01-03-2004,Penguin Books
140,Vineland,Thomas Pynchon,3.69,en-US,385,702,69,09-01-1997,Penguin Books
141,The Year of Magical Thinking,Joan Didion,3.89,en-US,227,2656,336,10-04-2005,Penguin Books
142,The White Album,Joan Didion,4.17,eng,222,11889,738,10-01-1990,Penguin Books
143,A Book of Common Prayer,Joan Didion,3.8,eng,272,2962,255,04-11-1995,Penguin Books
144,Where I Was From,Joan Didion,3.86,eng,240,2842,292,14-09-2004,Penguin Books
145,Slouching Towards Bethlehem,Joan Didion,4.21,eng,238,26934,1825,10-01-1990,Penguin Books
146,City of Glass (The New York Trilogy  #1),Paul Auster,3.79,eng,203,12410,734,04-07-1987,Penguin Books
147,Ghosts (The New York Trilogy  #2),Paul Auster,3.64,eng,96,3672,195,07-07-1987,North light books
148,Pyramids of Montauk: Explorations in Consciousness,Peter Moon-Preston B. Nichols-Nina Helms,3.89,eng,256,74,2,01-01-1995,North light books
149,The Brooklyn Follies,Paul Auster,3.84,eng,306,17977,1157,17-10-2006,North light books
150,Moon Palace,Paul Auster,3.94,eng,320,16099,503,04-01-1990,North light books
151,The Music of Chance,Paul Auster,3.9,en-US,217,361,36,12-01-1991,North light books
152,Travels in the Scriptorium,Paul Auster,3.23,eng,145,6688,562,23-01-2007,North light books
153,Leviathan,Paul Auster,3.96,eng,275,11744,443,09-01-1993,North light books
154,The Red Notebook: True Stories,Paul Auster,3.77,eng,104,2390,120,17-06-2002,North light books
155,Timbuktu - Leviathan - Moon Palace,Paul Auster,4.38,fre,1075,21,1,11-07-2002,North light books
156,Collapse: How Societies Choose to Fail or Succeed,Jared Diamond,3.93,eng,608,52522,2780,27-12-2005,Ivy Books
157,The Coming Economic Collapse: How You Can Thrive When Oil Costs $200 a Barrel,Stephen Leeb-Glen C. Strathy,3.4,en-US,211,213,26,02-01-2006,Ivy Books
158,Collapse of Complex Societies,Joseph A. Tainter,4.15,eng,262,719,86,29-03-1990,Ivy Books
159,Bowling Alone: The Collapse and Revival of American Community,Robert D. Putnam,3.8,eng,544,4762,512,08-07-2001,Ivy Books
160,Wizard: The Life and Times of Nikola Tesla: Biography of a Genius,Marc J.  Seifer-William H. Terbo,3.78,eng,542,2829,334,02-01-2001,Ivy Books
161,Nikola Tesla: A Spark of Genius,Carol Dommermuth-Costa,3.93,eng,144,105,5,10-01-1994,Ivy Books
162,Tesla Papers,Nikola Tesla-David Hatcher Childress,4.13,eng,100,102,2,12-01-2000,Ivy Books
163,Boys of Summer,Julie Elizabeth Leto-Leslie Kelly-Kimberly Raye,3.77,eng,249,478,12,27-06-2006,Ivy Books
164,Programming Ruby: The Pragmatic Programmers' Guide,Dave Thomas-Chad Fowler-Andy Hunt,4.03,en-US,828,1577,49,10-11-2004,Ivy Books
165,Golding's Lord of the Flies (Cliffs Notes),Maureen Kelly-CliffsNotes-William Golding,3.95,eng,112,73,8,13-06-2000,Ivy Books
166,Lord of the Flies,William Golding,3.68,eng,6,408,96,10-11-2005,Ivy Books
167,A War Like No Other: How the Athenians & Spartans Fought the Peloponnesian War,Victor Davis Hanson,4.11,eng,397,1693,100,09-12-2006,Penguin Books
168,We Were Not Like Other People,Ephraim Sevela-Antonina W. Bouis,4.14,eng,216,1,0,01-01-1989,Scholastic Inc.
169,The Lovely Bones,Alice Sebold,3.81,en-GB,328,6485,966,06-01-2003,Ivy Books
170,Lovely in Her Bones (Elizabeth MacPherson  #2),Sharyn McCrumb,3.8,eng,224,1371,43,13-05-1990,Chosen Books
171,The Zen of CSS Design: Visual Enlightenment for the Web,Dave Shea-Molly E. Holzschlag,3.98,en-US,296,793,28,17-02-2005,North light books
172,HTML  XHTML  and CSS (Visual Quickstart Guide),Elizabeth Castro,3.8,en-US,456,549,42,08-01-2006,Penguin Books
173,1000 Record Covers,Michael Ochs-Patrick Javault-Ulrike Wasel,3.85,mul,575,288,31,15-05-2005,Scholastic Inc.
174,Killing Yourself to Live: 85% of a True Story,Chuck Klosterman,3.81,eng,245,26381,1109,13-06-2006,Ivy Books
175,Sex  Drugs  and Cocoa Puffs: A Low Culture Manifesto,Chuck Klosterman,3.73,eng,272,62089,3324,07-02-2004,Chosen Books
176,Vice (V  #8),Jane Feather,3.51,eng,419,474,19,05-02-1996,North light books
177,Zen and the Art of Motorcycle Maintenance: An Inquiry Into Values (Phaedrus  #1),Robert M. Pirsig,3.77,eng,540,166046,6446,25-04-2006,Penguin Books
178,Once Upon a Cool Motorcycle Dude,Kevin O'Malley-Carol Heyer-Scott Goto,4.08,eng,32,1773,274,04-01-2005,Scholastic Inc.
179,Guidebook to Zen and the Art of Motorcycle Maintenance,Ronald L. DiSanto-Thomas J. Steele,3.72,en-GB,408,286,10,19-11-1990,Ivy Books
180,Motorcycle Basics Techbook,John Harold Haynes,3.85,eng,222,40,2,07-05-2002,Chosen Books
181,LOGO Lounge: 2 000 International Identities by Leading Designers,Catharine M. Fishel-Bill Gardner,3.93,eng,191,27,0,09-01-2004,North light books
182,The Death of Ivan Ilych And Other Stories,Leo Tolstoy-Hugh McLean,4.11,eng,304,7300,266,04-01-2003,Penguin Books
183,War and Peace,Leo Tolstoy-Henry Gifford-Aylmer Maude-Louise Maude,4.11,eng,1392,211671,6245,25-06-1998,Scholastic Inc.
184,The Kingdom of God Is Within You,Leo Tolstoy-Constance Garnett,4.13,eng,352,2403,210,09-08-2006,Ivy Books
185,Atlas Shrugged,Ayn Rand-Leonard Peikoff,3.69,eng,1168,322483,14702,08-01-1999,Chosen Books
186,For the New Intellectual: The Philosophy of Ayn Rand,Ayn Rand,3.68,eng,224,2750,108,12-01-1963,Scholastic Inc.
187,The Fountainhead,Ayn Rand,3.87,en-US,752,1886,229,26-04-2005,Ivy Books
188,The Virtue of Selfishness: A New Concept of Egoism,Ayn Rand-Nathaniel Branden,3.51,eng,176,11462,467,11-01-1964,Chosen Books
189,Anthem,Ayn Rand,3.63,eng,105,110952,7277,12-01-1999,Scholastic Inc.
190,We the Living,Ayn Rand-Leonard Peikoff,3.91,eng,464,23199,1086,01-01-1996,Ivy Books
191,Capitalism: The Unknown Ideal,Ayn Rand-Nathaniel Branden-Alan Greenspan-Robert Hessen,3.88,eng,340,3501,153,15-07-1986,Chosen Books
192,Letters of Ayn Rand,Ayn Rand-Michael S. Berliner-Leonard Peikoff,3.96,eng,681,18,2,02-01-1997,Scholastic Inc.
193,Sailing for Dummies,J.J. Isler-Peter Isler,3.95,eng,416,150,7,06-01-2006,Ivy Books
194,Sailing from Byzantium: How a Lost Empire Shaped the World,Colin  Wells,3.88,eng,368,646,83,25-07-2006,Chosen Books
195,Sailing Alone Around the Room: New and Selected Poems,Billy Collins,4.23,eng,192,12180,630,17-09-2002,Scholastic Inc.
196,The Greatest Sailing Stories Ever Told: Twenty-Seven Unforgettable Stories,Christopher Caswell,3.62,eng,286,51,5,04-01-2004,Ivy Books
197,"Natural Cures ""They"" Don't Want You to Know about",Kevin Trudeau,3.09,en-US,571,1601,284,01-01-2004,Chosen Books
198,The Natural,Bernard Malamud-Kevin Baker,3.63,eng,231,8854,672,07-07-2003,Chosen Books
199,Digging to America,Anne Tyler,3.55,eng,277,17155,1841,05-02-2006,North light books
200,Rereading America: Cultural Contexts for Critical Thinking and Writing,Gary Colombo-Bonnie Lisle,3.77,eng,826,44,3,21-01-2004,Penguin Books
201,Modern Latin America,Thomas E. Skidmore-Peter H. Smith,3.59,en-US,528,234,11,10-07-2004,Scholastic Inc.
202,Cien años de soledad,Gabriel García Márquez,4.07,spa,496,130,5,02-07-2006,Ivy Books
203,Del amor y otros demonios,Gabriel García Márquez,3.98,spa,176,4508,278,02-07-2006,Chosen Books
204,Living to Tell the Tale,Gabriel García Márquez-Edith Grossman,3.99,eng,533,397,47,10-12-2004,North light books
205,Memoria de mis putas tristes,Gabriel García Márquez,3.6,spa,112,5856,377,19-10-2004,Chosen Books
206,The Elegant Universe: Superstrings  Hidden Dimensions  and the Quest for the Ultimate Theory,Brian Greene,4.07,eng,425,32569,1058,09-02-2004,North light books
207,Pure and Simple: The Extraordinary Teachings of a Thai Buddhist Laywoman,Upasika Kee Nanayon-Thanissaro Bhikkhu,4.29,eng,288,37,6,15-05-2005,Penguin Books
208,The Mini Rough Guide to London,Rob Humphreys-Beth Chaplin-Rebecca Morrill,3.75,eng,363,1,0,04-01-2006,Scholastic Inc.
209,Best of London (Lonely Planet Best Of),Lonely Planet-Sarah Johnstone-Steve Fallon,3.83,eng,128,11,0,09-01-2004,Ivy Books
210,Lonely Planet Londres,Lonely Planet-Sarah Johnstone-Tom Masters,4.03,spa,480,0,0,05-01-2006,Chosen Books
211,Out to Eat London 2002 (Lonely Planet Out to Eat),Lonely Planet-Mark Honan,0,eng,295,0,0,09-01-2001,North light books
212,Three Nights in August: Strategy  Heartbreak  and Joy Inside the Mind of a Manager,H.G. Bissinger,3.88,eng,287,6870,237,04-04-2006,Chosen Books
213,Cryptonomicon,Neal Stephenson,4.25,eng,1139,83184,4249,11-01-2002,North light books
214,The Big U,Neal Stephenson,3.25,en-US,308,4657,223,02-06-2001,Penguin Books
215,The Diamond Age: Or  A Young Lady's Illustrated Primer,Neal Stephenson-Pedro Jorge Romero,4.19,eng,499,71042,2767,05-02-2000,Scholastic Inc.
216,Interface,Neal Stephenson-George F. Jewsbury-Stephen  Bury,3.68,eng,640,4731,270,31-05-2005,Ivy Books
217,Odalisque (The Baroque Cycle  Vol. 1  Book 3),Neal Stephenson,4.2,en-US,464,1567,65,28-03-2006,Chosen Books
218,Snow Crash,Neal Stephenson-Guy Abadia,4.03,eng,438,188100,6612,08-02-2000,North light books
219,Harrington on Hold 'em: Expert Strategy for No-Limit Tournaments  Volume II: The Endgame,Dan Harrington-Bill Robertie,4.16,eng,450,1474,30,06-01-2005,Chosen Books
220,Harrington on Hold 'em: Expert Strategy for No-Limit Tournaments  Volume I: Strategic Play,Dan Harrington-Bill Robertie,4.24,eng,381,1929,72,12-01-2004,North light books
221,The Design of Everyday Things,Donald A. Norman,4.17,eng,240,18602,1379,19-09-2002,Penguin Books
222,Emotional Design: Why We Love (or Hate) Everyday Things,Donald A. Norman,3.95,eng,272,3702,149,05-11-2005,Penguin Books
223,The Psychology of Everyday Things,Donald A. Norman,4.17,eng,257,265,31,13-06-1988,Penguin Books
224,No Price Too High: A Pentecostal Preacher Becomes Catholic - The Inspirational Story of Alex Jones as Told to Diane Hanson,Alex C. Jones-Diane M. Hanson-Stephen K. Ray,4.27,en-GB,259,51,7,30-04-2006,Penguin Books
225,The Alchemist,Paulo Coelho-Alan R. Clarke-James Noel Smith,3.86,eng,192,920,76,05-02-2006,Penguin Books
226,Fullmetal Alchemist  Vol. 1 (Fullmetal Alchemist  #1),Hiromu Arakawa-Akira Watanabe,4.5,eng,192,111091,1427,05-03-2005,Penguin Books
227,Fullmetal Alchemist  Vol. 4 (Fullmetal Alchemist  #4),Hiromu Arakawa-Akira Watanabe,4.55,eng,200,10752,294,11-08-2005,Penguin Books
228,The Illustrated Alchemist: A Fable about Following Your Dream,Paulo Coelho-Alan R. Clarke-Mœbius,3.86,en-US,198,251,32,11-01-1998,Penguin Books
229,Fullmetal Alchemist  Vol. 2 (Fullmetal Alchemist  #2),Hiromu Arakawa-Akira Watanabe,4.52,eng,192,14923,419,07-05-2005,Penguin Books
230,Pompeii,Robert   Harris,3.82,eng,274,26922,1726,11-08-2005,North light books
231,The Last Days of Pompeii,Edward Bulwer-Lytton-John Gregory Betancourt,3.6,eng,360,1156,68,12-03-2002,North light books
232,Of Mice and Men,John Steinbeck,3.87,eng,103,1755253,25554,01-08-2002,North light books
233,The Game: Penetrating the Secret Society of Pickup Artists,Neil Strauss,3.74,en-US,464,20529,1592,09-06-2005,North light books
234,The Westing Game,Ellen Raskin,4.02,eng,182,142121,8782,04-12-2004,North light books
235,The Egypt Game,Zilpha Keatley Snyder,3.83,eng,215,30231,1130,07-07-2009,North light books
236,Memoirs of a Geisha,Arthur Golden,4.11,eng,503,280309,3703,22-11-2005,North light books
237,Memoirs of a Geisha: A Portrait of the Film,David        James-Peggy Mulloy-Rob Marshall-Arthur Golden,4.08,eng,144,145,8,20-10-2005,North light books
238,Geisha of Gion,Mineko Iwasaki-Rande Brown,3.93,eng,334,1556,158,05-06-2003,North light books
239,Love As A Foreign Language #5,J. Torres-Eric  Kim,3.44,eng,58,9,2,02-01-2006,Ivy Books
240,Jungle Love,Margaret Johnson-Philip Prowse,3.41,eng,95,59,7,08-01-2002,Ivy Books
241,The 5 Love Languages - The 5 Love Languages Journal,Gary Chapman,4.7,eng,0,22,4,01-01-2005,Ivy Books
242,Angels & Demons (Robert Langdon  #1),Dan Brown,3.89,eng,736,2418736,21303,04-01-2006,Ivy Books
243,Ángeles y demonios (Robert Langdon  #1),Dan Brown,3.89,spa,508,196,20,12-01-2005,Ivy Books
244,Angeles & Demonios,Dan Brown-Raúl Amundaray,3.89,spa,18,65,7,12-01-2005,Ivy Books
245,The Da Vinci Code (Robert Langdon  #2),Dan Brown,3.84,eng,489,1679706,35877,28-03-2006,Ivy Books
246,The Da Vinci Code,Dan Brown,3.84,eng,467,1120,105,28-03-2006,Ivy Books
247,Da Vinci Code (Robert Langdon  #2),Dan Brown-Daniel Roche,3.84,fre,744,377,16,05-03-2005,Ivy Books
248,Deception Point,Dan Brown,3.71,eng,736,4919,410,04-01-2006,Ivy Books
249,A Killing Rain (Louis Kincaid  #6),P.J. Parrish,4.04,eng,383,456,41,02-01-2005,Ivy Books
250,The Millionaire Next Door: The Surprising Secrets of America's Wealthy,Thomas J. Stanley-William D. Danko,4.03,eng,258,61760,2600,10-01-1998,Penguin Books
251,Think and Grow Rich: The Landmark Bestseller Now Revised and Updated for the 21st Century,Napoleon Hill,4.18,eng,320,88897,2334,09-01-2005,Scholastic Inc.
252,Think and Grow Rich,Napoleon Hill,4.18,eng,368,48,9,08-07-2004,Ivy Books
253,Pragmatic Version Control: Using Subversion (The Pragmatic Starter Kit Series),Mike   Mason,3.58,eng,256,173,14,06-07-2006,Chosen Books
254,Read My Lips: Sexual Subversion and the End of Gender,Riki Anne Wilchins,3.95,en-US,288,253,17,06-01-2005,North light books
255,Trump: The Art of the Deal,Donald J. Trump-Tony Schwartz,3.66,en-US,384,12748,948,28-12-2004,Penguin Books
256,The Richest Man in Babylon,George S. Clason,4.26,eng,194,76451,3400,02-01-2008,Scholastic Inc.
257,Shibumi,Trevanian-Gisela Stege,4.21,eng,480,9498,637,05-10-2005,Ivy Books
258,1776,David McCullough,4.07,eng,386,166916,6243,07-04-2006,Chosen Books
259,The Crescent Obscured: The United States and the Muslim World  1776-1815,Robert J. Allison,3.62,eng,284,31,5,15-07-2000,North light books
260,The Good Earth (House of Earth  #1),Pearl S. Buck,3.98,eng,418,200744,7656,03-04-2009,Penguin Books
261,Purpose Driven Life - For Commuters: What on Earth Am I Here For?,Rick Warren,3.93,eng,5,26,2,15-03-2005,Scholastic Inc.
262,Fast Food Nation: The Dark Side of the All-American Meal,Eric Schlosser,3.74,eng,399,190039,4922,07-05-2005,Ivy Books
263,Fast Food Nation: What The All-American Meal is Doing to the World,Eric Schlosser,3.74,eng,384,811,77,04-04-2002,Chosen Books
264,Snow Flower and the Secret Fan,Lisa See,4.07,eng,269,297533,14935,21-02-2006,North light books
265,The Broker,John Grisham,3.78,eng,422,72361,2334,26-09-2006,Penguin Books
266,The Power Broker: Robert Moses and the Fall of New York,Robert A. Caro,4.51,eng,1344,11208,1237,07-12-1975,Scholastic Inc.
267,The Power Broker: A Novel (Christian Gillette  #3),Stephen W. Frey,3.75,eng,320,28,1,25-07-2006,Ivy Books
268,Body For Life: 12 Weeks to Mental and Physical Strength,Bill Phillips-Michael D'Orso,3.74,en-US,201,3877,275,06-10-1999,Chosen Books
269,Body for Life for Women: A Woman's Plan for Physical and Mental Transformation,Pamela Peeke-Cindy Crawford,3.65,en-US,288,401,63,04-01-2005,Scholastic Inc.
270,Eating for Life: Your Guide to Great Health  Fat Loss and Increased Energy!,Bill Phillips,3.95,eng,405,814,51,26-11-2003,Ivy Books
271,The Warren Buffett Way,Robert G. Hagstrom-Bill Miller-Kenneth L. Fisher,4.13,en-US,245,228,16,10-01-2005,Chosen Books
272,Liar's Poker,Michael   Lewis,4.15,eng,256,22843,936,10-01-1990,Scholastic Inc.
273,Liar's Poker: A Harry Garnish Mystery,Frank McConnell,3.31,eng,214,13,1,06-01-1993,Ivy Books
274,Risotto: 30 Simply Delicious Vegetarian Recipes from an Italian Kitchen,Ursula Ferrigno-Jason Lowe-Maxine  Clark,4.08,eng,64,8,2,03-01-2001,Chosen Books
275,Giada's Family Dinners,Giada De Laurentiis-Victoria Pearson,3.96,eng,256,14103,74,04-04-2006,Scholastic Inc.
276,Everyday Italian: 125 Simple and Delicious Recipes,Giada De Laurentiis,3.95,eng,256,40125,217,22-02-2005,Ivy Books
277,Everyday Pasta,Giada De Laurentiis-Victoria Pearson,4.09,eng,240,8822,55,04-03-2007,Chosen Books
278,Tyler's Ultimate: Brilliant Simple Food to Make Any Time,Tyler Florence-Petrina Tinslay,4.09,eng,256,3697,34,26-09-2006,Scholastic Inc.
279,Tyler Florence's Real Kitchen: An Indespensible Guide for Anybody Who Likes to Cook,Tyler Florence-JoAnn Cianciulli-Bill Bettencourt-Bobby Flay,4.06,eng,304,1426,16,25-03-2003,Ivy Books
280,Eat This Book: Cooking with Global Fresh Flavors,Tyler Florence-Petrina Tinslay,3.92,eng,287,275,15,10-01-2004,Chosen Books
281,Freakonomics: A Rogue Economist Explores the Hidden Side of Everything,Steven D. Levitt-Stephen J. Dubner,3.97,eng,320,628745,13034,17-10-2006,Chosen Books
282,Freakonomics: Un economista políticamente incorrecto explora el lado oculto de lo que nos afecta,Steven D. Levitt-Stephen J. Dubner,3.97,spa,250,193,23,08-01-2006,North light books
283,The Last Assassin (John Rain  #5),Barry Eisler,4.27,eng,338,189,25,06-01-2006,Penguin Books
284,Life of Pi,Yann Martel,3.91,en-US,401,4318,668,05-03-2004,Scholastic Inc.
285,L'Histoire de Pi,Yann Martel-Nicole Martel-Emile Martel,3.91,fre,448,177,26,24-11-2005,Ivy Books
286,Shadows and Wind: A View of Modern Vietnam,Robert Templer,3.49,eng,400,102,8,09-01-1999,Chosen Books
287,A Million Little Pieces,James Frey,3.65,eng,515,206011,10821,22-09-2005,North light books
288,A Million Little Pieces of Feces,Python Bonkers,3.56,en-US,256,43,6,02-10-2006,Chosen Books
289,A Million Little Lies,James Pinocchio-Pablo Fenjves,3.41,en-US,191,201,24,28-03-2006,North light books
290,The Leadership Challenge,James M. Kouzes-Barry Z. Posner,4.05,en-US,458,873,40,08-07-2003,Penguin Books
291,Lincoln on Leadership: Executive Strategies for Tough Times,Donald T. Phillips,4.14,eng,193,5354,281,02-01-1993,Scholastic Inc.
292,Leadership in Organizations,Gary Yukl,3.68,en-GB,542,55,4,07-07-2005,Ivy Books
293,Leadership,Rudolph W. Giuliani,3.72,eng,397,1820,147,10-01-2002,Chosen Books
294,Men Are from Mars  Women Are from Venus,John Gray,3.55,eng,368,132062,3303,04-03-2012,North light books
295,Last of the Amazons,Steven Pressfield,3.76,eng,400,2138,125,07-01-2003,Chosen Books
296,The War of Art: Break Through the Blocks & Win Your Inner Creative Battles,Steven Pressfield-Robert McKee,4,eng,168,53653,4702,04-01-2003,North light books
297,Lysis-Phaedrus-Symposium: Plato on Homosexuality,Plato-Benjamin Jowett,4.47,eng,157,14,0,12-01-1991,Penguin Books
298,Enthusiasm and Divine Madness,Josef Pieper-Richard Winston-Clara Winston,4.5,eng,125,26,4,02-11-2019,Scholastic Inc.
299,Gorgias-Phaedrus (Agora),Plato-James H. Nichols Jr.,4.35,eng,233,18,1,09-01-1998,Ivy Books
300,The Histories,Herodotus-Aubrey de Sélincourt-John M. Marincola,3.99,eng,622,227,18,09-01-1954,Chosen Books
301,The History (Great Minds),Herodotus-Henry Francis Cary,3.99,en-US,613,2,0,11-01-1992,North light books
302,Iliad,Homer-Stanley Lombardo-Sheila Murnaghan,3.86,en-US,574,1058,137,03-12-1997,Chosen Books
303,The Odyssey,Homer-W.H.D. Rouse,3.76,eng,304,262,24,08-01-1999,North light books
304,Aeneid: Selections from Books 1  2  4  6  10  12,Virgil-Barbara Weiden Boyd,4.35,eng,161,69,6,01-01-2001,Penguin Books
305,Eclogues. Georgics. Aeneid: Books 1-6,Virgil-Henry Rushton Fairclough-G.P. Goold,4.22,mul,607,414,10,10-01-1999,Penguin Books
306,The Eclogues and The Georgics,Virgil-Cecil Day-Lewis,3.8,eng,180,259,15,09-02-1999,Penguin Books
307,Paul Kirk's Championship Barbecue Sauces: 175 Make-Your-Own Sauces  Marinades  Dry Rubs  Wet Rubs  Mops and Salsas,Paul  Kirk,3.94,eng,272,55,0,12-03-1997,Penguin Books
308,The Complete Pelican Shakespeare,William Shakespeare-Stephen Orgel-A.R. Braunmuller,4.5,eng,1808,578,25,11-07-2002,Penguin Books
309,The Compleat Works of Wllm Shkspr (abridged),Reduced Shakespeare Company-Adam Long-Daniel Singer-Jess Winfield,4.44,eng,137,8159,118,02-01-1994,Penguin Books
310,The Pilgrimage: A Contemporary Quest for Ancient Wisdom,Paulo Coelho-Alan R. Clarke,3.64,en-US,272,888,92,05-01-1995,Penguin Books
311,Veronika Decides to Die,Paulo Coelho-Margaret Jull Costa-Kâmuran Şipal,3.7,eng,210,132064,5452,06-01-2006,Penguin Books
312,Hamlet,William Shakespeare-Stephen Orgel-A.R. Braunmuller,4.02,eng,148,1658,125,12-01-2001,Penguin Books
313,History of the Peloponnesian War: Bk. 1-2,Thucydides-C.F. Smith,4.32,mul,496,208,7,01-01-1919,North light books
314,On Justice  Power and Human Nature: Selections from The History of the Peloponnesian War,Thucydides-Paul Woodruff,3.72,eng,172,610,15,10-01-1993,North light books
315,History of the Peloponnesian War: Bk. 5-6,Thucydides-C.F. Smith,4.35,mul,400,38,0,01-01-1921,North light books
316,The Peloponnesian War,Thucydides-Steven Lattimore,3.9,eng,530,154,21,06-01-1998,North light books
317,History of the Peloponnesian War  Bk. 7-8,Thucydides-C.F. Smith,4.29,eng,480,35,0,01-01-1923,North light books
318,Grief Lessons: Four Plays by Euripides,Anne Carson-Euripides,4.4,eng,312,679,85,08-01-2006,North light books
319,Ten Plays,Euripides-Moses Hadas-John Maclean,4.17,en-US,432,1464,21,08-01-1990,North light books
320,Cyclops - Alcestis - Medea,Euripides-David Kovacs,4.23,mul,432,61,4,01-01-1994,North light books
321,Plays 1: Medea-The Phoenician Women-Bacchae,Euripides-David Thompson-J. Michael Walton,3.78,eng,192,9,0,11-09-2000,North light books
322,Alcestis,Euripides-William Arrowsmith,3.83,eng,142,1950,95,02-01-1990,Ivy Books
323,Suppliant Women - Electra - Heracles,Euripides-David Kovacs,4.47,mul,464,30,4,09-01-1998,Ivy Books
324,Medea,Euripides-Georgia Ann Machemer-Michael   Collier,3.87,eng,116,367,35,08-10-2006,Ivy Books
325,The Oresteia,Aeschylus-Ted Hughes,4.02,en-US,208,215,25,09-04-2004,Ivy Books
326,Aeschylus  1: The Oresteia: Agamemnon-The Libation Bearers-The Eumenides,Aeschylus-David R. Slavitt-Smith Palmer Bovie,4.02,eng,178,12,3,11-01-1997,Ivy Books
327,The Complete Greek Tragedies  Volume 1: Aeschylus,Aeschylus-Richmond Lattimore-David Grene,4.1,eng,358,74,7,08-01-1992,Ivy Books
328,The Oedipus Plays of Sophocles: Oedipus the King; Oedipus at Colonus; Antigone,Sophocles-Paul Roche,3.97,eng,288,553,46,05-01-1996,Ivy Books
329,The Complete Plays,Sophocles-Paul Roche,4.27,eng,420,2883,40,03-01-2001,Ivy Books
330,The Oedipus Cycle: Oedipus Rex  Oedipus at Colonus  Antigone,Sophocles-Robert Fitzgerald-Dudley Fitts,3.97,eng,259,45589,726,11-01-2002,Ivy Books
331,The Three Theban Plays: Antigone  Oedipus the King  Oedipus at Colonus,Sophocles-Robert Fagles-Bernard Knox,3.97,eng,430,2979,288,01-03-2000,Ivy Books
332,The Oedipus Plays of Sophocles,Sophocles-Paul Roche,3.97,eng,390,8,1,09-01-1958,Ivy Books
333,Oedipus Rex (Greek and Latin Classics),Sophocles-Roger D. Dawe,3.7,grc,214,218,1,08-01-2006,Penguin Books
334,Oedipus the King,Sophocles-Bernard Knox-Cynthia Brantley Johnson,3.7,eng,144,740,57,07-01-2005,Scholastic Inc.
335,Four Plays: The Clouds-The Birds-Lysistrata-The Frogs,Aristophanes-William Arrowsmith-Richmond Lattimore-Douglass Parker,4.06,eng,624,6086,79,11-01-1984,Ivy Books
336,Aristophanes and Athens: An Introduction to the Plays,Douglas M. MacDowell,4.07,eng,376,14,3,10-01-1995,Chosen Books
337,Lysistrata,Aristophanes-Douglass Parker,3.85,eng,98,19,2,02-01-1970,North light books
338,The Night Gardener,George Pelecanos,3.64,eng,372,4067,357,08-08-2006,Penguin Books
339,Twelfth Night,William Shakespeare,3.98,eng,272,138101,2513,07-01-2004,Scholastic Inc.
340,Brokeback Mountain,Annie Proulx,3.94,eng,55,24985,1751,12-02-2005,Ivy Books
341,Money to Burn,Ricardo Piglia-Amanda Hopkinson,3.76,eng,209,69,12,08-01-2004,Chosen Books
342,Respiración artificial,Ricardo Piglia,3.96,spa,218,1279,77,03-01-2008,North light books
343,Plata quemada,Ricardo Piglia,3.76,spa,227,1098,65,07-01-2005,Penguin Books
344,American Government: Continuity and Change  Alternate Edition,Karen  O'Connor-Larry J. Sabato,2.83,eng,664,0,0,03-11-2005,Scholastic Inc.
345,El túnel,Ernesto Sabato,4.05,spa,159,453,60,07-01-2003,Ivy Books
346,The Confessions (Works of Saint Augustine 1),Augustine of Hippo-John E. Rotelle-Maria Boulding,3.92,eng,416,142,24,12-01-2002,Chosen Books
347,The City of God,Augustine of Hippo-Thomas Merton-Marcus Dods,3.92,eng,905,104,16,09-12-2000,North light books
348,The Enchiridion on Faith Hope and Love (Augustine Series 1),Augustine of Hippo-Bruce Harbert-John E. Rotelle,4.04,eng,144,271,21,10-01-1999,Penguin Books
349,On Christian Doctrine,Augustine of Hippo-D.W. Robertson Jr.,4.03,eng,191,2335,67,01-11-1958,Scholastic Inc.
350,Confessions  Books 1-13,Augustine of Hippo-Peter R.L. Brown-Frank Sheed,3.92,eng,296,84,8,01-01-1993,Ivy Books
351,Augustine: A Very Short Introduction,Henry Chadwick,3.71,eng,144,236,33,06-07-2001,Chosen Books
352,On Genesis-A Refutation of the Manichees-The Unfinished Literal Meaning of Genesis (Works of St Augustine 1),Augustine of Hippo-Boniface Ramsey-Edmund Hill,3.94,eng,540,29,3,05-01-2004,Scholastic Inc.
353,Kitchen Confidential: Adventures in the Culinary Underbelly,Anthony Bourdain,4.07,eng,302,2488,266,05-01-2001,Ivy Books
354,Confesiones de un chef,Anthony Bourdain,4.07,spa,478,11,0,02-01-2003,Chosen Books
355,Latin Via Ovid: A First Course,Norma Goldman-Jacob E. Nyenhuis,4.36,en-US,524,78,8,09-01-1982,Scholastic Inc.
356,The Art of Love and Other Poems,Ovid-J.H. Mozley-G.P. Goold,4.02,eng,400,98,5,01-01-1929,Ivy Books
357,The Poems of Exile: Tristia and the Black Sea Letters,Ovid-Peter Green,4.12,eng,451,432,14,18-01-2005,Chosen Books
358,Metamorphoses: Volume 2  Books IX-XV,Ovid-Frank Justus Miller,4.52,eng,499,61,4,01-01-1985,Scholastic Inc.
359,Metamorphoses: Volume I  Books I-VIII,Ovid-Frank Justus Miller,4.42,eng,496,813,14,01-01-1977,Ivy Books
360,Practice! Practice!: A Latin Via Ovid Workbook,Norma Goldman-Michael  Rossi,4.08,eng,152,12,0,07-01-1995,Chosen Books
361,Tibullus: A Commentary,Michael C.J. Putnam,3.71,eng,222,7,1,15-11-1979,Scholastic Inc.
362,Dionysiac Poetics and Euripides' Bacchae,Charles Segal,4.62,eng,440,12,0,16-11-1997,Ivy Books
363,Antigone,Sophocles-Reginald Gibbons-Charles Segal,3.64,eng,197,36,5,09-01-2007,Chosen Books
364,Object-Oriented Programming in C++,Richard Johnsonbaugh-Martin Kalin,4.07,eng,640,14,0,13-08-1999,Chosen Books
365,The Iliad,Homer-Robert Fitzgerald,3.86,eng,594,30,2,19-03-1992,North light books
366,Love  Sex & Tragedy: How the Ancient World Shapes Our Lives,Simon Goldhill,3.79,eng,345,122,16,11-01-2005,Penguin Books
367,Reading Greek Tragedy,Simon Goldhill,4.12,eng,302,32,3,08-05-1986,Scholastic Inc.
368,Who Needs Greek? Contests in the Cultural History of Hellenism,Simon Goldhill,3.4,eng,334,10,1,04-04-2002,Ivy Books
369,Foucault's Virginity: Ancient Erotic Fiction & the History of Sexuality (Stanford Memorial Lecture),Simon Goldhill,3.73,eng,212,10,0,26-01-1995,Chosen Books
370,2012: The Return of Quetzalcoatl,Daniel Pinchbeck,3.42,en-US,408,1416,217,05-04-2006,North light books
371,Breaking Open the Head: A Psychedelic Journey Into the Heart of Contemporary Shamanism,Daniel Pinchbeck-Lee Fukui,4.06,en-US,336,2799,166,08-12-2003,Chosen Books
372,Them: Adventures with Extremists,Jon Ronson,3.95,eng,336,11990,831,01-07-2003,North light books
373,The Men Who Stare at Goats,Jon Ronson,3.61,eng,259,10679,899,04-10-2006,Penguin Books
374,Guns  Germs and Steel: The Fates of Human Societies,Jared Diamond,4.03,eng,518,4356,404,07-11-2005,Scholastic Inc.
375,Caught Inside: A Surfer's Year on the California Coast,Daniel Duane,3.87,eng,256,633,60,04-10-1997,Ivy Books
376,Wild at Heart: Discovering the Secret of a Man's Soul,John Eldredge,3.92,eng,256,55106,1503,04-01-2001,Chosen Books
377,Wild Swans: Three Daughters of China,Jung Chang,4.26,eng,562,73572,4280,08-12-2003,North light books
378,Wild Fire (John Corey  #4),Nelson DeMille,4.01,eng,519,20909,944,11-06-2006,Chosen Books
379,The Call of the Wild,Jack London-Avi,3.86,eng,172,274649,7203,01-01-2001,North light books
380,Wild About Books,Judy Sierra-Marc Brown,4.17,eng,40,4541,378,08-10-2004,Penguin Books
381,In Web Design for Libraries,Charles P. Rubenstein,2.67,eng,196,9,2,12-01-2006,Scholastic Inc.
382,Nickel and Dimed: On (Not) Getting by in America,Barbara Ehrenreich,3.63,eng,240,168362,5762,05-01-2002,Ivy Books
383,The History of Sexuality 1: An Introduction,Michel Foucault-Robert Hurley,4.04,eng,168,15,3,10-01-1978,Chosen Books
384,The Making of Pride and Prejudice,Sue Birtwistle-Sue Conklin-Susie Conklin,4.45,eng,128,4244,99,09-07-1995,North light books
385,Pride and Prejudice,Jane Austen,4.26,eng,333,2399,253,02-11-2004,Chosen Books
386,Pride & Prejudice,Jane Austen-Vivien Jones,4.26,eng,392,1821,210,09-01-2005,North light books
387,Under the Banner of Heaven: A Story of Violent Faith,Jon Krakauer,4,eng,399,7481,1022,07-10-2003,Penguin Books
388,Iceland: Land of the Sagas,David  Roberts-Jon Krakauer,3.71,eng,160,330,40,10-06-1998,Penguin Books
389,In the Land of White Death: An Epic Story of Survival in the Siberian Arctic,Valerian Albanov-Jon Krakauer-David  Roberts-Alison Anderson-Валериан Альбанов,4.01,eng,288,1910,136,09-04-2001,Penguin Books
390,La Tierra es plana: Breve historia del mundo globalizado del siglo XXI,Thomas L. Friedman,3.68,spa,495,38,0,01-01-2006,Penguin Books
391,The Avalanche Handbook,David McClung-Peter Schaerer,4.07,eng,342,43,1,10-12-2006,Penguin Books
392,Avalanche,Arthur J. Roth,3.65,eng,144,273,36,01-01-1989,Penguin Books
393,Little Women,Louisa May Alcott,4.07,eng,449,1479727,18458,04-06-2004,Penguin Books
394,Three Little Secrets (MacLachlan Family  #4),Liz Carlyle,3.84,eng,384,1181,50,04-01-2006,Penguin Books
395,Lori's Little Secret (Bravo Family  #15) (Bravo Family Ties Miniseries  #3),Christine Rimmer,3.76,eng,248,101,6,05-01-2005,Penguin Books
396,The Day My Butt Went Psycho,Andy Griffiths-Miles Thompson,3.73,eng,220,1853,232,04-01-2003,North light books
397,Just Disgusting!,Andy Griffiths-Terry Denton,3.83,eng,180,70,3,08-01-2002,North light books
398,Thorn in Her Side (The Princess School  #7),Jane B. Mason-Sarah Hines Stephens,3.88,eng,144,214,8,01-01-2006,North light books
399,The Princess of the Chalet School,Elinor M. Brent-Dyer,4.08,eng,159,465,21,01-01-2000,North light books
400,The Princess Diaries (The Princess Diaries  #1),Meg Cabot,3.78,eng,283,216359,4137,07-01-2001,North light books
401,Let Down Your Hair,Jane B. Mason-Sarah Hines Stephens,3.83,eng,144,450,12,12-01-2004,North light books
402,Awakening (Chasing Yesterday  #1),Robin Wasserman,3.95,en-US,207,2569,297,05-01-2007,North light books
403,Betrayal (Chasing Yesterday  #2),Robin Wasserman,3.96,en-US,209,1435,101,07-01-2007,North light books
404,Fun Home: A Family Tragicomic,Alison Bechdel,4.08,eng,240,48966,3928,06-08-2006,North light books
405,Beat That! Cookbook,Ann Hodgman,4.31,eng,208,34,1,10-07-1999,Ivy Books
406,Stake That (Blood Coven Vampire  #2),Mari Mancusi,3.97,eng,288,5449,191,12-05-2006,Ivy Books
407,Sk8er Boy (First Kiss Club #1),Mari Mancusi,3.72,eng,181,357,32,10-01-2005,Ivy Books
408,Bride & Groom (A Dog Lover's Mystery  #16),Susan Conant-Maxwell Award,3.78,eng,262,263,19,01-04-2005,Ivy Books
409,Stud Rites (A Dog Lover's Mystery #9),Susan Conant,3.81,eng,237,322,16,03-01-2005,Ivy Books
410,The Dogfather (A Dog Lover's Mystery  #15),Susan Conant,3.83,eng,272,320,20,02-03-2004,Ivy Books
411,Steamed (A Gourmet Girl Mystery  #1),Jessica Conant-Park-Susan Conant,3.45,eng,320,956,93,02-06-2007,Ivy Books
412,Paws Before Dying (A Dog Lover's Mystery  #4),Susan Conant,3.9,eng,197,427,20,01-01-1960,Ivy Books
413,A New Leash on Death (A Dog Lover's Mystery  #1),Susan Conant,3.79,eng,180,1097,71,04-01-1994,Ivy Books
414,Scratch the Surface (A Cat Lover's Mystery #1),Susan Conant,3.34,eng,288,23,2,07-05-2006,Ivy Books
415,Corvette,Jerry Burton,4.83,eng,320,6,1,10-01-2006,Ivy Books
416,The Key,Lynsay Sands,4.04,eng,313,2152,89,01-01-2003,Penguin Books
417,The Deed (Deed  #1),Lynsay Sands,3.94,eng,313,3048,168,12-01-2004,Scholastic Inc.
418,The Chase (Deed  #3),Lynsay Sands,4.06,eng,374,2098,68,12-01-2004,Ivy Books
419,Bliss,Lynsay Sands,3.97,eng,394,1742,108,09-01-2001,Chosen Books
420,The Perfect Wife,Lynsay Sands,3.86,eng,354,2712,131,10-01-2005,North light books
421,Sweet Revenge,Lynsay Sands,3.99,eng,400,1786,90,02-01-2004,Penguin Books
422,The Reluctant Reformer,Lynsay Sands,3.91,eng,371,1274,61,02-03-2002,Scholastic Inc.
423,Love Is Blind,Lynsay Sands,3.99,eng,342,3488,207,08-01-2006,Ivy Books
424,Standard Catalog of Smith & Wesson,Jim Supica-Richard Nahas,4.44,en-US,432,38,1,01-01-2007,Chosen Books
425,Managers Not MBAs: A Hard Look at the Soft Practice of Managing and Management Development,Henry Mintzberg,3.83,en-US,464,146,7,08-01-2005,North light books
426,Hell No  We Won't Go! Resisting the Draft During the Vietnam War,Sherry Gershon Gottlieb,4.5,eng,274,8,1,07-01-1991,Penguin Books
427,Marsha Is Only a Flower (Marsha  #2),Barbara Bottner,3.82,eng,48,20,1,04-01-2000,Scholastic Inc.
428,Almond Cookies & Dragon Well Tea,Cynthia Chin-Lee-Youshan Tang,3.89,eng,37,9,0,05-01-1993,Ivy Books
429,The Empire of Ice Cream,Jeffrey Ford-Jonathan Carroll,4.03,eng,320,426,37,04-01-2006,Chosen Books
430,The Fantasy Writer's Assistant and Other Stories,Jeffrey Ford,4.09,eng,247,207,23,08-01-2002,North light books
431,Memoranda,Jeffrey Ford-Jacques Guiod,3.9,fre,253,206,13,12-10-2002,Penguin Books
432,Martian Time-Slip,Philip K. Dick,3.77,eng,226,353,33,07-08-1999,Scholastic Inc.
433,The Martians (Mars Trilogy  #3.5),Kim Stanley Robinson,3.56,eng,434,1495,92,10-03-2000,Ivy Books
434,Pirates of Venus (Venus  #1),Edgar Rice Burroughs-Thomas Floyd-F. Paul Wilson-Phillip R. Burger,3.7,eng,179,1235,66,09-01-2001,Chosen Books
435,Swords of Mars (Barsoom  #8),Edgar Rice Burroughs,3.82,eng,191,2812,61,07-12-1979,Scholastic Inc.
436,The Chessmen of Mars (Barsoom #5),Edgar Rice Burroughs-John Bolen,3.83,eng,0,5147,157,01-01-2005,Ivy Books
437,The Warlord of Mars (Barsoom  #3),Edgar Rice Burroughs-John Bolen,3.86,eng,6,9350,345,02-01-2001,Chosen Books
438,Synthetic Men of Mars (Barsoom  #9),Edgar Rice Burroughs,3.78,eng,160,2601,58,01-12-1980,Scholastic Inc.
439,The Master Mind of Mars (Barsoom #6),Edgar Rice Burroughs,3.85,eng,160,3949,80,04-12-1979,Ivy Books
440,A Fighting Man of Mars (Barsoom  #7),Edgar Rice Burroughs,3.84,eng,239,3169,77,10-12-1984,Chosen Books
441,Thuvia  Maid of Mars (Barsoom  #4),Edgar Rice Burroughs,3.75,eng,160,6313,233,07-12-1986,Scholastic Inc.
442,John Carter of Mars (Barsoom #11),Edgar Rice Burroughs,3.82,eng,167,3703,78,07-12-1985,Ivy Books
443,The Arden Shakespeare Complete Works,William Shakespeare-Richard Proudfoot-Ann Thompson-David Scott Kastan-Harold Jenkins,4.5,eng,1347,122,7,07-05-2001,Chosen Books
444,Reduced Shakespeare: The Attention-impaired Readers Guide to the World's Best Playwright,Reed Martin-Austin Tichenor,4.13,en-US,256,281,53,07-11-2006,Scholastic Inc.
445,The Cat Who Knew Shakespeare (Cat Who...  #7),Lilian Jackson Braun,3.92,eng,208,6876,206,11-07-1996,Ivy Books
446,The Shakespeare Stealer (Shakespeare Stealer  #1),Gary L. Blackwood,3.68,eng,224,5582,451,07-01-2000,Chosen Books
447,Richard III,William Shakespeare-Barbara A. Mowat-Paul Werstine,3.93,eng,369,1945,191,07-01-2004,Chosen Books
448,King Henry VI  Part 3,William Shakespeare-John D. Cox-Eric Rasmussen,3.76,eng,460,3138,186,11-01-2001,North light books
449,The Age Of Shakespeare,Frank Kermode,3.68,eng,208,20,2,07-07-2005,Penguin Books
450,Ukraine,Sarah Johnstone,3.91,eng,216,27,5,07-01-2005,Scholastic Inc.
451,Jimi Hendrix: The Complete Guide to His Music  (Complete Guide to the Music of...),Peter Doggett,4,eng,96,4,1,12-01-2004,Ivy Books
452,Outside the Dog Museum (Answered Prayers  #4),Jonathan Carroll,3.97,eng,267,1406,97,06-01-2005,Chosen Books
453,Stylepedia: A Guide to Graphic Design Mannerisms  Quirks  and Conceits,Steven Heller-Louise Fili,4.06,eng,336,170,9,11-09-2006,North light books
454,I Can Fly,Ruth Krauss-Mary Blair,4.24,eng,24,1069,70,09-09-2003,Chosen Books
455,A Whole Lotta Love,Donna Hill-Francis Ray-Brenda Jackson-Monica Jackson,4.46,eng,384,662,7,01-06-2004,North light books
456,The Best of Pippi Longstocking (Pippi Longstocking  #1-3),Astrid Lindgren-Tony Ross,4.25,en-GB,378,217,16,10-09-2003,Penguin Books
457,Astrid Lindgren: Storyteller to the World,Johanna Hurwitz-Michael Dooling,3.69,eng,64,10,2,11-01-1991,Scholastic Inc.
458,Astrid Lindgren,Eva-Maria Metcalf,3.78,eng,157,7,2,11-01-1994,Ivy Books
459,The Moffats (The Moffats  #1),Eleanor Estes-Louis Slobodkin,4,eng,212,9334,302,04-01-2001,Chosen Books
460,Arthur and the Lost Kingdoms,Alistair Moffat,3.7,eng,282,59,14,31-12-1999,North light books
461,God's Generals Why They Succeeded and Why Some Fail,Roberts Liardon,4.45,eng,416,1481,67,11-01-2000,Chosen Books
462,The Alley (The Alley  #1),Eleanor Estes-Edward Ardizzone,3.76,eng,288,320,20,08-01-2003,North light books
463,Pinky Pye (The Pyes  #2),Eleanor Estes-Edward Ardizzone,3.86,eng,192,1578,102,09-01-2000,Penguin Books
464,The Witch Family,Eleanor Estes-Edward Ardizzone,4.07,eng,240,2550,98,09-01-2000,Scholastic Inc.
465,The Hundred Dresses,Eleanor Estes-Louis Slobodkin,4.09,eng,80,30311,2306,09-01-2004,Ivy Books
466,Theater Shoes,Noel Streatfeild-Diane Goode,4.02,en-US,252,85,11,11-01-1999,Chosen Books
467,Gemma Alone (Gemma  #3),Noel Streatfeild,3.61,eng,150,175,7,02-01-1987,North light books
468,When the Siren Wailed,Noel Streatfeild-Judith Gwyn Brown,3.72,en-US,157,16,3,10-01-1977,Chosen Books
469,Gai-Jin (Asian Saga  #3),James Clavell,3.86,eng,1236,10757,296,04-03-1994,North light books
470,Whirlwind (Asian Saga  #6),James Clavell,3.82,eng,1231,5626,164,12-02-1999,Penguin Books
471,Tai-Pan (Asian Saga  #2),James Clavell,4.27,eng,734,39315,778,09-01-2009,Penguin Books
472,Escape: The Love Story from Whirlwind,James Clavell,3.63,eng,584,276,14,07-01-1999,Penguin Books
473,Alaska,James A. Michener,4.12,eng,868,9330,590,11-12-2002,Penguin Books
474,The Drifters,James A. Michener,4.04,eng,768,6253,353,10-12-1986,Penguin Books
475,Sayonara,James A. Michener,3.81,eng,208,1848,104,09-12-1983,Penguin Books
476,The Bridge at Andau,James A. Michener,3.94,en-US,288,1135,158,09-12-1985,Penguin Books
477,Are You Afraid of the Dark?,Sidney Sheldon,3.66,eng,401,23924,681,07-01-2005,Penguin Books
478,Nothing Lasts Forever,Sidney Sheldon,3.84,eng,384,26040,614,09-01-1995,Penguin Books
479,Rage of Angels,Sidney Sheldon,3.93,eng,512,30283,860,08-03-1999,North light books
480,He Sees You When You're Sleeping,Mary Higgins Clark-Carol Higgins Clark,3.79,en-US,230,477,31,11-01-2002,North light books
481,My Gal Sunday,Mary Higgins Clark,3.57,en-US,206,5355,183,02-01-2003,North light books
482,We'll Meet Again,Mary Higgins Clark,3.85,eng,234,8892,260,02-02-2004,North light books
483,All Through the Night,Mary Higgins Clark,3.7,en-US,256,6332,224,10-01-1999,North light books
484,The Night Awakens: A Mystery Writers of America Anthology,Mary Higgins Clark-Angela Zeman-Noreen Ayres-Sally Cabot Gunning-Joseph Hansen-Sarah Shankman-Nancy Pickard-Eleanor Taylor Bland-Brendan DuBois-Edward D. Hoch-Loren D. Estleman,3.51,en-US,303,162,13,02-01-2000,North light books
485,Where Are the Children?,Mary Higgins Clark,4.02,eng,304,39738,969,07-01-2005,North light books
486,The Second Time Around,Mary Higgins Clark,3.75,eng,373,7472,296,04-01-2004,North light books
487,You Belong To Me,Mary Higgins Clark,3.87,en-US,384,20843,421,04-01-1999,North light books
488,Stowaway and Milk Run: Two Unabridged Stories From Mary Higgins Clark,Mary Higgins Clark-Jan Maxwell,3.49,eng,0,64,2,12-01-1999,Ivy Books
489,The Christmas Thief (Regan Reilly Mysteries  #9),Mary Higgins Clark-Carol Higgins Clark,3.61,eng,253,12,2,01-01-2004,Ivy Books
490,A Garden Of Vipers (Carson Ryder  #3),Jack Kerley,3.96,en-US,400,562,37,02-06-2007,Ivy Books
491,The Death Collectors (Carson Ryder  #2),Jack Kerley,3.94,eng,400,1088,78,05-02-2006,Ivy Books
492,The Master,Colm Tóibín,3.83,eng,339,7299,771,05-03-2005,Ivy Books
493,The South,Colm Tóibín,3.6,eng,240,807,92,10-01-1992,Ivy Books
494,The Blackwater Lightship,Colm Tóibín,3.87,eng,288,4421,367,06-05-2005,Ivy Books
495,The Sign of the Cross: Travels in Catholic Europe,Colm Tóibín,3.8,eng,243,23,7,05-04-2001,Ivy Books
496,Through the Arc of the Rain Forest,Karen Tei Yamashita,3.9,eng,212,127,18,07-01-1990,Ivy Books
497,Tropic of Orange,Karen Tei Yamashita,3.55,eng,268,1749,118,09-01-1997,Ivy Books
498,Anne Rice Value Collection: Mayfair Witches (Lives of the Mayfair Witches #1-3),Anne Rice-Joe Morton-Tim Curry-Lindsay Crouse,4.23,eng,10,35,3,11-07-2000,Ivy Books
499,Merrick (Crónicas Vampíricas  #7),Anne Rice,3.73,spa,414,99,9,11-01-2002,Penguin Books
500,Vittorio the Vampire (New Tales of the Vampires  #2),Anne Rice,3.52,eng,292,685,36,03-08-1999,Scholastic Inc.
501,The Feast Of All Saints,Anne Rice,3.85,eng,640,86,5,12-04-1997,Ivy Books
502,The Unauthorized Anne Rice Companion,George Beahm,3.68,eng,246,97,0,05-01-1996,Chosen Books
503,When Christ and His Saints Slept  (Henry II and Eleanor of Aquitaine  #1),Sharon Kay Penman,4.27,eng,784,12022,648,02-06-1996,North light books
504,Dead Sleep,Greg Iles,4.05,eng,452,8124,475,07-02-2002,Penguin Books
505,Small Island,Andrea Levy,3.95,eng,441,21165,1145,04-01-2005,Scholastic Inc.
506,Never Far From Nowhere,Andrea Levy,3.7,eng,282,648,42,08-08-1996,Ivy Books
507,Shield of Thunder (Troy  #2),David Gemmell-Željko Petrović,4.36,eng,480,7356,171,09-01-2006,Chosen Books
508,The Ethics and Politics of Asylum: Liberal Democracy and the Response to Refugees,Matthew J. Gibney,3.55,eng,287,10,2,07-08-2004,North light books
509,Arkham Asylum: Living Hell,Dan Slott-Ryan Sook-Wade Von Grawbadger-Jim Royal,3.81,eng,144,1709,88,03-01-2004,Penguin Books
510,Blackout (Kat Bronsky #2),John J. Nance,3.96,eng,672,572,36,12-09-2000,Scholastic Inc.
511,D.B.,Elwood Reid,3.23,eng,356,53,8,07-12-2005,Ivy Books
512,The Silver Pigs (Marcus Didius Falco  #1),Lindsey Davis,3.94,eng,329,8882,561,10-03-2006,Chosen Books
513,The Silver Pigs,Lindsey Davis-Mary Cutler-Anton Lesser-Fritha Goodey,3.94,eng,2,5,0,02-07-2005,North light books
514,Judas Pig,Horace  Silver,4.27,eng,345,63,9,07-01-2004,Penguin Books
515,The Civil War  Vol. 1: Fort Sumter to Perryville,Shelby Foote,4.42,eng,856,9760,346,11-12-1986,Scholastic Inc.
516,La telaraña de Carlota,E.B. White-Guillermo Solana-Garth Williams,4.17,spa,224,225,38,10-04-2005,Ivy Books
517,Toujours Provence,Peter Mayle,4.02,eng,241,25092,432,06-02-1992,Chosen Books
518,The American Heritage New History of the Civil War,Bruce Catton-James M. McPherson,4.11,eng,630,104,2,10-01-2001,Scholastic Inc.
519,The Confident Child,Terri Apter,3.63,eng,270,13,5,01-01-1997,Ivy Books
520,A Cargo of Women: Susannah Watson and the Convicts of the Princess Royal,Babette Smith,3.58,eng,264,0,0,06-01-2005,Chosen Books
521,The Rose and the Beast: Fairy Tales Retold,Francesca Lia Block,3.77,en-US,240,6872,395,08-07-2001,Scholastic Inc.
522,I Was a Teenage Fairy,Francesca Lia Block,3.82,eng,192,6599,236,05-03-2000,Ivy Books
523,Firebirds Rising: An Anthology of Original Science Fiction and Fantasy,Sharyn November-Francesca Lia Block-Diana Wynne Jones-Ellen Klages-Sharon Shinn-Patricia A. McKillip-Emma Bull-Kelly Link-Tamora Pierce-Nina Kiriki Hoffman-Alison Goodman-Charles de Lint-Kara Dalkey-Alan Dean Foster-Carol Emshwiller-Tanith Lee-Pamela Dean,3.92,eng,530,2819,127,04-06-2006,Chosen Books
524,Witch Baby (Weetzie Bat  #2),Francesca Lia Block,4.18,eng,128,3576,110,01-01-1992,Scholastic Inc.
525,Goat Girls (Weetzie Bat  #2-3),Francesca Lia Block,4.42,en-US,240,469,5,07-06-2004,Ivy Books
526,Beautiful Boys (Weetzie Bat  #4-5),Francesca Lia Block,4.43,en-US,304,413,5,07-06-2004,Chosen Books
527,Weetzie Bat (Weetzie Bat  #1),Francesca Lia Block,3.74,eng,128,13013,1025,07-06-2004,Scholastic Inc.
528,Man Walks Into a Room,Nicole Krauss,3.33,eng,248,5422,554,11-11-2003,Ivy Books
529,Testaments Betrayed: An Essay in Nine Parts,Milan Kundera-Linda Asher-فروغ پوریاوری,4.04,eng,288,1294,59,08-02-1996,Chosen Books
530,Too Busy Not to Pray: Slowing Down to Be With God,Bill Hybels-Lavonne Neff,4.16,en-US,191,9632,212,04-01-1998,Chosen Books
531,Courageous Faith Through the Year,Bill Hybels-Keri Wyatt Kent,3.5,eng,327,0,0,07-01-2004,North light books
532,Becoming a Contagious Christian Leader's Guide: Communicating Your Faith in a Style That Fits You,Mark Mittelberg-Lee Strobel,3.75,eng,299,8,1,02-12-2007,Penguin Books
533,The Church on the Other Side: Doing Ministry in the Postmodern Matrix,Brian D. McLaren,3.58,eng,224,205,10,01-09-2003,Scholastic Inc.
534,Not Much Fun: The Lost Poems of Dorothy Parker,Dorothy Parker-Stuart Y. Silverstein,4.18,eng,256,444,27,07-10-2001,Ivy Books
535,The Killer Angels,Michael Shaara-Stephen Hoye,4.32,en-US,13,92,37,05-11-2004,Chosen Books
536,The Killer Angels (The Civil War Trilogy  #2),Michael Shaara,4.32,eng,395,318,45,04-01-2001,North light books
537,Architecture and Tourism: Perception  Performance and Place,D. Medina Lasansky,3.2,eng,320,5,1,09-04-2004,Chosen Books
538,The Last Eyewitness: The Final Week,Chris Seay-Rob Pepper-Brian D. McLaren,3.65,eng,144,23,6,05-10-2006,North light books
539,The Best American Essays 2006,Lauren Slater-Robert Atwan,3.88,en-US,304,434,34,10-11-2006,Penguin Books
540,The Best American Spiritual Writing 2006,Philip Zaleski-Peter J. Gomes,3.5,eng,336,29,11,10-11-2006,Scholastic Inc.
541,The Best American Travel Writing 2006,Tim Cahill,3.94,eng,352,492,47,10-11-2006,Ivy Books
542,The Best American Crime Writing 2006,Mark Bowden-Otto Penzler-Thomas H. Cook-S.C. Gwynne-Paige Williams-Mary Battiata-Howard Blum-John Connolly-Richard Rubin-Chuck Hustmyre-David Friedman-Denise Grollmus-Deanne Stillman-Jeffrey Toobin-Skip Hollandsworth-Jimmy Breslin-John Heilemann-Mark Jacobson-Robert Nelson,4,eng,352,206,18,09-05-2006,Chosen Books
543,How Democratic Is the American Constitution?,Robert A. Dahl,3.64,en-US,240,466,48,11-10-2003,North light books
544,Roald Dahl: A Biography,Jeremy Treglown,3.62,eng,336,221,26,06-05-1995,Chosen Books
545,Matilda,Roald Dahl-Rula Lenska-Sian Thomas-Christopher Timothy,4.31,eng,1,6,0,03-03-2005,North light books
546,Hood,Emma Donoghue,3.59,eng,309,1895,170,07-01-1998,Penguin Books
547,Landing,Emma Donoghue,3.41,eng,336,3032,309,05-07-2007,Scholastic Inc.
548,Touchy Subjects,Emma Donoghue,3.49,eng,288,14,2,05-07-2007,Ivy Books
549,Life Mask,Emma Donoghue,3.5,eng,672,1883,185,09-05-2005,Chosen Books
550,Slammerkin,Emma Donoghue,3.71,eng,410,12551,1251,05-01-2002,North light books
551,We Are Michael Field,Emma Donoghue-Nick Drake,3.55,en-US,152,50,4,10-01-1998,Chosen Books
552,Todo está iluminado,Jonathan Safran Foer,3.9,spa,352,8,0,07-05-2005,North light books
553,Firefighters in the Dark,Dashka Slater-Nicoletta Ceccoli,3.6,en-US,32,89,17,10-02-2006,Penguin Books
554,Wide Sargasso Sea,Jean Rhys,3.58,eng,160,21384,1386,09-03-1998,Penguin Books
555,Marcel Proust: On Art and Literature 1896-1919,Marcel Proust-Sylvia Townsend Warner,4.06,eng,416,73,5,08-05-1997,Penguin Books
556,Remembrance of Things Past (Boxed Set),Marcel Proust-C.K. Scott Moncrieff-Frederick A. Blossom-Joseph Wood Crutch,4.34,eng,3400,6,1,03-05-1981,Penguin Books
557,The Complete Green Letters,Miles J. Stanford,4.2,en-US,336,293,32,01-01-1984,Penguin Books
558,Naked,David Sedaris-Amy Sedaris,4.09,en-US,3,308,62,10-01-2001,Penguin Books
559,The Last Shot: City Streets  Basketball Dreams,Darcy Frey,4.17,en-CA,233,5106,155,03-03-2004,Penguin Books
560,The Inner Sanctum,Stephen W. Frey,3.64,eng,448,472,36,07-01-1998,Penguin Books
561,Life on Planet Rock: From Guns N' Roses to NIRVana  a Backstage Journey Through Rock's Most Debauched Decade,Lonn M. Friend,3.58,eng,320,241,30,07-11-2006,Penguin Books
562,Principle-Centered Leadership,Stephen R. Covey,4.1,eng,336,15003,140,10-01-1992,North light books
563,7 hábitos de las familias altamente efectivas,Stephen R. Covey,4.16,spa,412,7,0,09-01-2003,North light books
564,Fablehaven (Fablehaven  #1),Brandon Mull,4.1,eng,351,117341,8718,06-07-2006,North light books
565,Queen of Sorcery (The Belgariad  #2),David Eddings,4.14,eng,447,453,20,08-03-2000,North light books
566,The Leadership Challenge: Skills for Taking Charge,Warren G. Bennis,0,eng,60,0,0,12-01-1985,North light books
567,The Elements of Visual Style: The Basics of Print Design for Every PC and Mac User,Robert W. Harris,3.21,en-US,177,14,3,05-01-2007,North light books
568,The Mask of the Enchantress,Victoria Holt,3.85,eng,0,21,1,10-12-1981,North light books
569,Secret for a Nightingale,Victoria Holt,3.82,eng,396,1873,34,10-12-1987,North light books
570,Curse Of The Kings,Victoria Holt,3.76,eng,304,15,1,06-12-1985,North light books
571,Purple Cane Road (Dave Robicheaux  #11),James Lee Burke,4.15,en-US,387,5467,246,05-08-2001,Ivy Books
572,Parliament of Whores: A Lone Humorist Attempts to Explain the Entire U.S. Government,P.J. O'Rourke,4.01,en-US,240,2762,180,01-07-2003,Ivy Books
573,Monkeewrench (Monkeewrench  #1),P.J. Tracy,4.12,eng,421,8031,618,04-06-2004,Ivy Books
574,The Moon And Sixpence,W. Somerset Maugham,4.13,eng,215,447,53,09-02-1999,Ivy Books
575,De profundis,Oscar Wilde,4.18,spa,192,13,2,09-01-2004,Ivy Books
576,Un amour de swann (À la recherche du temps perdu  #1.2),Marcel Proust,3.92,fre,432,4,0,06-01-2006,Ivy Books
577,Serious Girls,Maxine Swann,3.2,eng,240,207,28,12-01-2004,Ivy Books
578,Exiled in Paris: Richard Wright  James Baldwin  Samuel Beckett and Others on the Left Bank,James    Campbell,4.03,eng,304,35,6,02-01-2003,Ivy Books
579,Einstein's Monsters,Martin Amis-Erroll McDonald,3.4,eng,151,820,33,01-05-2011,Ivy Books
580,The Major Works,Alexander Pope-Pat Rogers,3.87,eng,768,213,8,11-06-2006,Ivy Books
581,Poetry and Prose of Alexander Pope (Riverside Editions),Alexander Pope-Aubrey Williams,3.97,eng,512,93,5,01-02-1968,Ivy Books
582,Illustrated Guide to the NEC: Based on the 2005 National Electric Code,Charles R. Miller,4.06,eng,452,2,0,12-01-2004,Penguin Books
583,Brando Unzipped: A Revisionist and Very Private Look at America's Greatest Actor,Darwin Porter,3.51,eng,625,81,16,01-05-2006,Scholastic Inc.
584,Measle and the Dragodon,Ian Ogilvy,3.97,eng,352,263,13,09-01-2006,Ivy Books
585,Writing Down the Bones: Freeing the Writer Within,Natalie Goldberg,4.19,eng,312,21673,1395,01-10-2006,Chosen Books
586,Black Hawk Down: A Story of Modern War,Mark Bowden,4.28,eng,496,368,39,01-01-2002,North light books
587,Down the Long Hills,Louis L'Amour,4.07,eng,208,2503,141,09-01-1984,Penguin Books
588,Refactoring: Improving the Design of Existing Code,Martin Fowler-Kent Beck-Don Roberts-Erich Gamma,4.24,eng,431,6086,222,07-08-1999,Scholastic Inc.
589,The Heart's Code: Tapping the Wisdom and Power of Our Heart Energy,Paul Pearsall-Gary E. Schwartz-Linda G. Russek,4.01,en-US,304,267,34,04-06-1999,Ivy Books
590,Write Great Code: Volume 1: Understanding the Machine,Randall Hyde,3.92,eng,456,145,12,11-08-2004,Chosen Books
591,Landscape Within: Insights and Inspirations for Photographers,David   Ward-Joe Cornish,4.36,eng,128,22,3,11-01-2004,North light books
592,Bob Marley - Songs of Freedom,Bob Marley,4.48,eng,200,16,1,12-01-1995,Penguin Books
593,Such a Good Girl and Other Crime Stories,Ed Gorman-Richard Laymon,3.6,eng,256,5,1,01-07-2001,Scholastic Inc.
594,Howards End,E.M. Forster-Nadia May,3.96,eng,9,32,16,06-01-2007,Ivy Books
595,Kim,Rudyard Kipling,3.72,eng,240,159,19,11-08-2005,Chosen Books
596,The Island at the Center of the World: The Epic Story of Dutch Manhattan and the Forgotten Colony That Shaped America,Russell Shorto,4.14,eng,384,6919,777,04-12-2005,North light books
597,The Free Bards (Bardic Voices  #1-3),Mercedes Lackey,4.18,eng,712,1530,20,05-01-1997,Penguin Books
598,Insurgency and Terrorism: From Revolution to Apocalypse,Bard E. O'Neill,3.91,eng,240,133,8,06-01-2005,Scholastic Inc.
599,Shakespeare's Landlord (Lily Bard  #1),Charlaine Harris,3.76,eng,216,22721,1111,11-01-2005,Ivy Books
600,Liturgies of the Western Church,Bard Thompson,3.96,eng,434,52,8,09-01-1980,Chosen Books
601,Mansfield Park,Jane Austen-Carol Shields,3.86,eng,420,328,38,10-09-2001,Scholastic Inc.
602,The Mini Zen Gardening Kit,Daniel Abdal-Hayy Moore,3.16,eng,40,14,1,09-04-2000,Ivy Books
603,Zen in Your Garden,Jenny Hendy,3.6,eng,128,7,2,01-04-2003,Chosen Books
604,Agnes Grey,Anne Brontë-Fred Schwarzbach,3.68,eng,224,418,77,10-01-2005,Scholastic Inc.
605,The Mad Ship (Liveship Traders  #2),Robin Hobb,4.23,eng,906,38753,893,02-04-2008,Ivy Books
606,Assassin's Quest (Farseer Trilogy  #3),Robin Hobb,4.18,eng,757,67473,1967,01-05-1998,Chosen Books
607,Der lohfarbene Mann (Die zweiten Chroniken von Fitz  dem Weitseher  #1),Robin Hobb,4.31,ger,880,8,0,04-01-2003,Scholastic Inc.
608,Disordered Minds,Minette Walters,3.78,eng,544,2968,123,12-07-2004,Ivy Books
609,The Scold's Bridle,Minette Walters,3.95,eng,384,7019,113,15-10-1995,Chosen Books
610,Fox Evil,Minette Walters,3.6,en-US,400,2777,119,11-07-2006,Scholastic Inc.
611,The Devil's Feather,Minette Walters,3.63,eng,349,2343,153,22-08-2006,Ivy Books
612,The Breaker,Minette Walters,3.62,eng,384,2919,142,08-01-2000,Chosen Books
613,The Echo,Minette Walters,3.63,eng,368,3017,124,04-01-1998,Chosen Books
614,A Painted House,John Grisham,3.7,eng,466,484,48,29-09-2002,North light books
615,D is for Dahl: A gloriumptious A-Z guide to the world of Roald Dahl,Wendy Cooling-Quentin Blake-Roald Dahl,4.08,en-US,160,1246,54,06-02-2005,Penguin Books
616,The Roald Dahl Audio Collection,Roald Dahl,4.41,en-US,4,199,36,20-02-2007,Scholastic Inc.
617,Step on a Crack (Michael Bennett  #1),James Patterson-Michael Ledwidge,4.01,eng,383,37552,1592,02-06-2007,Ivy Books
618,The Railway Children,E. Nesbit,4.01,en-GB,212,177,16,04-01-1995,Chosen Books
619,Five Children and It (Five Children #1),E. Nesbit,3.88,eng,237,18723,722,12-01-1996,North light books
620,Five Children and It,E. Nesbit-Gillian Avery,3.88,eng,240,63,7,28-12-2004,Chosen Books
621,The Enchanted Castle,E. Nesbit-H.R. Millar,3.85,eng,291,6352,397,07-01-1994,North light books
622,A Passage to India,E.M. Forster,3.68,en-GB,288,441,40,09-03-1998,Penguin Books
623,Armadale,Wilkie Collins-Catharine Peters,3.91,eng,880,56,11,08-12-1999,Scholastic Inc.
624,I Never Promised You a Rose Garden,Hannah  Green-Joanne Greenberg,3.87,eng,288,24126,609,11-07-1989,Ivy Books
625,The Gun Seller,Hugh Laurie,3.68,eng,340,14495,1434,10-01-1998,Chosen Books
626,A Quantum Murder (Greg Mandel  #2),Peter F. Hamilton,3.97,eng,375,4016,95,15-06-1998,North light books
627,Judas Unchained (Commonwealth Saga  #2),Peter F. Hamilton,4.31,en-US,1008,738,68,27-03-2007,Chosen Books
628,Pandora's Star,Peter F. Hamilton,4.24,eng,768,33987,1519,03-02-2005,North light books
629,Mindstar Rising (Greg Mandel  #1),Peter F. Hamilton,3.92,en-US,432,6192,171,15-05-1997,Penguin Books
630,The Reality Dysfunction Part 2: Expansion (Night's Dawn 1),Peter F. Hamilton,4.3,eng,572,4092,39,08-01-1997,Scholastic Inc.
631,Anthony Thwaite: In Conversation With Peter Dale and Ian Hamilton,Peter  Dale-Ian          Hamilton-Anthony Thwaite,0,eng,96,0,0,12-09-1999,Ivy Books
632,Doisneau,Peter Hamilton-Robert Doisneau-David    Elliott,4.36,eng,128,4,0,07-01-2000,Chosen Books
633,Criptonomicón II: El código Pontifex,Neal Stephenson-Pedro Jorge Romero,4.1,spa,496,404,17,11-01-2005,North light books
634,Quicksilver (The Baroque Cycle  #1),Neal Stephenson,3.93,eng,927,171,12,10-02-2003,Chosen Books
635,Walt Whitman: A Life,Justin Kaplan,3.99,eng,464,217,17,07-08-2003,North light books
636,Walt Whitman: Words for America,Barbara Kerley-Brian Selznick,4.05,eng,56,258,58,10-01-2004,Penguin Books
637,Love  Hate and Everything in Between: Expressing Emotions in Japanese,Mamiko Murakami-Ernest Reiss,3.54,eng,176,27,0,03-01-2002,Penguin Books
638,Blind Willow  Sleeping Woman,Haruki Murakami-Jay Rubin-Philip Gabriel,3.84,eng,362,1162,132,09-01-2007,Penguin Books
639,Haruki Murakami and the Music of Words,Jay Rubin,3.83,eng,326,38,2,12-03-2005,Penguin Books
640,Hard-Boiled Wonderland and the End of the World,Haruki Murakami-Alfred Birnbaum,4.15,eng,400,247,41,09-01-1991,Penguin Books
641,Joseph Cornell: Secrets in a Box (Adventures in Art),Alison Baverstock-Joseph Cornell-Christopher Wynne,4.03,eng,27,32,5,09-01-2003,Penguin Books
642,Mandala: Luminous Symbols for Healing (with a New CD of Meditations and Exercises!),Judith Cornell-Joan Borysenko-Miron Borysenko,4.11,en-US,176,73,4,09-01-2006,Penguin Books
643,Dime-Store Alchemy: The Art of Joseph Cornell,Charles Simic,4.18,eng,116,70,12,09-12-2006,Penguin Books
644,Night Has a Thousand Eyes,Cornell Woolrich,3.77,eng,344,704,74,04-01-2007,Penguin Books
645,The Legacy of Sovereign Joy: God's Triumphant Grace in the Lives of Augustine  Luther  and Calvin (The Swans Are Not Silent  #1),John Piper,4.27,eng,158,839,65,08-11-2006,North light books
646,The Hidden Smile of God: The Fruit of Affliction in the Lives of John Bunyan  William Cowper  and David Brainerd (The Swans Are Not Silent  #2),John Piper,4.34,eng,175,675,61,15-01-2001,North light books
647,The Passion of Jesus Christ,John Piper,4.23,eng,127,6164,136,01-09-2004,North light books
648,Arthur & George,Julian Barnes,3.7,eng,445,11626,1141,01-09-2007,North light books
649,Wartime Lies,Louis Begley,3.71,eng,240,524,54,15-10-1997,North light books
650,Schmidt Delivered (Schmidt  #2),Louis Begley,3.61,en-US,320,107,12,30-10-2001,North light books
651,The Brave Women of the Gulf Wars: Operation Desert Storm and Operation Iraqi Freedom,Karen Zeinert-Mary Miller,4,eng,112,1,0,09-01-2005,North light books
652,The Classic Ten: The True Story of the Little Black Dress and Nine Other Fashion Favorites,Nancy MacDonell Smith-Nancy MacDonell,3.43,en-US,224,109,14,28-10-2003,North light books
653,The Locked Room (The New York Trilogy  #3),Paul Auster,3.89,en-US,192,62,3,01-05-1988,North light books
654,The Home Front,Brian Braithwaite-Noelle Walsh-Glyn Davies,3.4,eng,192,1,1,23-02-1989,Ivy Books
655,Half Moon Investigations,Eoin Colfer,3.77,en-US,304,279,41,04-01-2007,Ivy Books
656,The Supernaturalist,Eoin Colfer,3.86,en-US,267,24863,1001,20-04-2005,Ivy Books
657,The Wish List,Eoin Colfer,3.77,eng,252,13988,589,07-01-2004,Ivy Books
658,Legend of the Worst Boy in the World,Eoin Colfer-Glenn McCoy,3.76,en-US,101,328,43,05-01-2007,Ivy Books
659,The Legend of Spud Murphy,Eoin Colfer-Glenn McCoy,3.88,eng,96,92,25,09-06-2004,Ivy Books
660,Going Potty,Eoin Colfer,3.14,eng,64,7,1,10-01-1999,Ivy Books
661,La última oportunidad,Eoin Colfer,3.77,spa,258,2,0,04-04-2006,Ivy Books
662,Artemis Fowl (Artemis Fowl  #1),Eoin Colfer-Ana Alcaina,3.84,spa,286,45,3,30-03-2006,Ivy Books
663,La venganza de opal (Artemis Fowl  #4),Eoin Colfer,4.05,spa,368,21,1,30-04-2005,Ivy Books
664,Encuentro en el Ártico (Artemis Fowl  #2),Eoin Colfer-Ana Alcaina Pérez,3.95,spa,320,15,3,07-05-2005,Ivy Books
665,Treasury of American Tall Tales: Volume 1: Davy Crockett  Rip Van Winkle  Johnny Appleseed  Paul Bunyan (Rabbit Ears),David Bromberg-Jay Ungar-Molly Mason-Garrison Keillor-Mark O'Connor-Jonathan Winters-Duck Baker-Washington Irving-Anjelica Huston-Nicolas Cage-Leo Kottke,3.86,eng,0,36,9,22-08-2006,Penguin Books
666,The Amber Spyglass (His Dark Materials  #3),Philip Pullman-Ian Beck,4.09,en-US,518,562,61,09-01-2007,Scholastic Inc.
667,The Subtle Knife (His Dark Materials  #2),Philip Pullman,4.13,eng,8,39,8,28-01-2000,Ivy Books
668,His Dark Materials (His Dark Materials  #1-3),Philip Pullman,4.26,eng,933,2656,260,04-10-2007,Chosen Books
669,El catalejo lacado (La Materia Oscura  #3),Philip Pullman,4.09,spa,446,565,49,05-01-2005,North light books
670,His Dark Materials Omnibus (His Dark Materials),Philip Pullman,4.26,eng,944,70,9,04-10-2007,Penguin Books
671,Northern Lights (His Dark Materials  #1),Philip Pullman,3.98,en-GB,399,836,62,14-09-2001,Scholastic Inc.
672,El alquimista: una fábula para seguir tus sueños,Paulo Coelho-Juan Godó Costa,3.86,eng,192,775,43,23-10-2018,Ivy Books
673,La conspiración de los alquimistas,Hania Czajkowski,4,spa,488,51,4,03-05-2005,Chosen Books
674,El Alquimista: Edicion Illustrada: Edicion Illustrada,Paulo Coelho,3.86,eng,192,43,5,04-10-2007,North light books
675,The Call of the Mall: How we shop,Paco Underhill,3.6,eng,227,14,1,04-01-2004,Penguin Books
676,Die Broke: A Radical Four-Part Financial Plan,Stephen M. Pollan-Mark LeVine,3.64,en-US,320,270,45,23-09-1998,Scholastic Inc.
677,Live Rich  Die Broke,Stephen M. Pollan,3.29,en-US,482,14,2,01-01-2005,Ivy Books
678,The Die Broke Financial Problem Solver,Stephen M. Pollan-Mark LeVine,2.33,en-US,272,3,0,26-12-2000,Chosen Books
679,Montaillou: The Promised Land of Error,Emmanuel Le Roy Ladurie-Barbara Bray,3.96,eng,416,1142,62,07-12-1979,North light books
680,Montaillou: Cathars and Catholics in a French Village 1294-1324,Emmanuel Le Roy Ladurie-Barbara Bray,3.96,eng,400,80,14,12-05-2002,Penguin Books
681,Montaillou  village occitan de 1294 à 1324,Emmanuel Le Roy Ladurie-Emmanuel Le Roy-Ladurie,3.96,fre,640,15,2,03-06-1982,Scholastic Inc.
682,Montaillou: Cathars and Catholics in a French Village  1294-1324,Emmanuel Le Roy Ladurie-Barbara Bray,3.96,en-GB,400,17,2,29-05-1980,Ivy Books
683,On the Road,Jack Kerouac-Ann Charters,3.63,en-US,307,3271,342,01-03-2006,Chosen Books
684,Undaunted Courage: The Pioneering First Mission to Explore America's Wild Frontier,Stephen E. Ambrose,4.21,eng,592,41236,1830,10-06-2003,Scholastic Inc.
685,Undaunted Courage,Stephen E. Ambrose-Barrett Whitener,4.21,eng,22,8,2,03-08-2005,Ivy Books
686,Co. Aytch: A Confederate Memoir of the Civil War,Sam R. Watkins,4.13,eng,240,23,2,08-12-1997,Chosen Books
687,Jonny Reb & Billy Yank,Alexander Hunter,4.11,eng,635,14,2,31-05-1998,Scholastic Inc.
688,El Superzorro,Roald Dahl-Horacio Elena,4.05,spa,96,174,20,06-01-2000,Ivy Books
689,Fantastic Mr Fox,David Wood-Roald Dahl,4.09,en-GB,74,65,2,01-05-2011,Chosen Books
690,Fantastic Mr. Fox (Cover to Cover),Roald Dahl,4.05,eng,90,7,0,15-09-1995,Scholastic Inc.
691,Ajax in Action,Dave Crane-Eric Pascarello-Darren James,3.56,en-US,680,126,10,11-03-2005,Ivy Books
692,Historia del rey transparente,Rosa Montero,3.9,spa,592,1266,90,09-01-2006,Chosen Books
693,Bella y oscura,Rosa Montero,3.66,spa,204,293,31,03-01-2006,Scholastic Inc.
694,La tía Julia y el escribidor,Mario Vargas Llosa,3.92,spa,566,162,10,03-01-2001,Ivy Books
695,Narraciones Extraordinarias,Edgar Allan Poe,4.13,spa,316,36,4,06-01-2004,Chosen Books
696,Las Crónicas de Narnia,C.S. Lewis-Margarita E. Valdes-Gemma Gallart-Pauline Baynes,4.26,spa,816,186,11,11-07-2006,Chosen Books
697,O Sobrinho do Mágico (As Crónicas de Nárnia  #1),C.S. Lewis-Pauline Baynes-Ana Falcão Bastos,4.04,por,147,396,37,04-08-2003,North light books
698,A Viagem do Caminheiro da Alvorada (As Crónicas de Nárnia  #5),C.S. Lewis-Pauline Baynes-Ana Falcão Bastos,4.09,por,176,161,14,09-01-2004,Penguin Books
699,O Príncipe Caspian (As Crónicas de Nárnia  #4),C.S. Lewis-Pauline Baynes-Ana Falcão Bastos,3.97,por,160,215,11,10-11-2003,Scholastic Inc.
700,Whores for Gloria,William T. Vollmann,3.69,en-US,160,932,111,02-01-1994,Ivy Books
701,Expelled from Eden: A William T. Vollmann Reader,William T. Vollmann-Larry McCaffery-Michael Hemmingson,4.06,eng,512,156,20,21-12-2004,Chosen Books
702,You Bright and Risen Angels,William T. Vollmann,4.08,eng,635,783,56,12-01-1988,North light books
703,The Ice-Shirt (Seven Dreams #1),William T. Vollmann,3.96,eng,415,820,95,08-01-1993,Chosen Books
704,Poor People,William T. Vollmann,3.72,eng,434,769,139,27-02-2007,North light books
705,Las aventuras de Tom Sawyer,Mark Twain,3.91,spa,272,113,12,28-05-2006,Penguin Books
